time_ms,left_accel_x,left_accel_y,left_accel_z,left_gyro_x,left_gyro_y,left_gyro_z,right_accel_x,right_accel_y,right_accel_z,right_gyro_x,right_gyro_y,right_gyro_z
102,-0.969,-0.125,0.2,-0.00778,0.00111,-0.00778,-1.001,-0.092,-0.086,-0.00778,-0.00111,-0.01222
198,-0.964,-0.125,0.198,-0.00778,0.00444,-0.00222,-0.996,-0.094,-0.087,-0.01333,0.0,-0.01111
302,-0.972,-0.122,0.201,-0.00889,0.00333,-0.00667,-0.998,-0.093,-0.092,-0.02222,0.0,-0.01222
398,-0.966,-0.122,0.201,-0.00778,0.00444,0.0,-0.996,-0.093,-0.084,-0.01222,0.0,-0.00444
499,-0.965,-0.125,0.198,0.0,0.00111,0.0,-0.995,-0.094,-0.088,0.00222,0.00333,-0.00333
602,-0.968,-0.127,0.201,-0.00111,0.00111,-0.00778,-0.996,-0.089,-0.098,-0.01778,0.0,-0.01111
699,-0.966,-0.124,0.199,-0.02556,0.0,0.00444,-0.991,-0.095,-0.085,0.0,0.0,0.00556
801,-0.967,-0.126,0.201,0.01111,0.00111,-0.01444,-0.999,-0.095,-0.087,-0.00444,0.0,-0.00333
903,-0.968,-0.12,0.2,0.0,0.0,0.00111,-0.996,-0.096,-0.094,0.0,0.0,0.0
999,-0.968,-0.12,0.196,-0.00222,0.0,0.00889,-0.994,-0.092,-0.095,0.0,-0.00111,0.0
1103,-0.963,-0.118,0.199,-0.00778,-0.00556,0.00444,-0.998,-0.095,-0.086,-0.00222,-0.00333,0.0
1202,-0.965,-0.12,0.203,0.00111,-0.00222,0.0,-0.997,-0.093,-0.09,0.00333,0.0,0.00556
1299,-0.97,-0.119,0.207,-0.00111,0.00222,-0.00111,-0.997,-0.093,-0.091,0.0,-0.00333,-0.00333
1402,-0.969,-0.122,0.198,0.0,0.00222,-0.00111,-0.997,-0.088,-0.089,0.01111,0.00111,-0.00333
1499,-0.965,-0.121,0.201,0.00111,0.0,-0.00667,-0.991,-0.095,-0.086,0.00111,0.00222,-0.00556
1599,-0.965,-0.121,0.202,-0.00333,0.0,-0.00556,-0.994,-0.092,-0.091,0.00889,0.00556,0.0
1699,-0.968,-0.122,0.199,-0.01,0.00222,0.00222,-0.995,-0.094,-0.089,-0.00111,0.0,0.0
1799,-0.973,-0.122,0.202,0.0,-0.00111,0.00444,-0.998,-0.095,-0.088,0.0,0.00222,0.0
1899,-0.964,-0.126,0.19,-0.00333,0.00444,0.0,-0.996,-0.098,-0.094,0.0,0.00222,0.0
2001,-0.964,-0.12,0.198,0.00778,-0.00111,0.01111,-0.997,-0.092,-0.089,0.00444,0.0,0.00667
2093,-0.969,-0.117,0.198,0.01111,-0.00111,0.01111,-0.998,-0.095,-0.091,-0.00778,0.00111,0.01
2199,-0.967,-0.118,0.202,0.01111,-0.00222,0.00889,-0.998,-0.089,-0.095,-0.01,0.0,0.01
2295,-0.965,-0.113,0.208,0.0,-0.00222,0.0,-0.995,-0.088,-0.09,-0.01444,0.00111,0.00222
2400,-0.968,-0.116,0.203,0.00444,0.0,-0.00111,-0.998,-0.086,-0.093,0.00444,0.0,0.00111
2498,-0.967,-0.117,0.199,-0.00333,0.0,-0.00444,-0.995,-0.089,-0.092,0.00222,0.0,0.0
2600,-0.968,-0.117,0.2,-0.00778,-0.00222,0.0,-0.995,-0.09,-0.089,-0.00444,0.0,-0.00333
2703,-0.966,-0.116,0.198,-0.00333,0.00111,-0.00111,-0.995,-0.092,-0.094,-0.00222,-0.00444,-0.00222
2799,-0.968,-0.11,0.203,-0.00444,-0.00111,0.0,-0.997,-0.093,-0.093,-0.00111,0.0,0.0
2889,-0.968,-0.115,0.2,0.01111,-0.00111,0.0,-1.0,-0.091,-0.092,0.00556,-0.00111,-0.00444
2997,-0.966,-0.125,0.197,-0.01,-0.00111,-0.00222,-0.998,-0.092,-0.094,0.0,0.0,0.0
3098,-0.967,-0.116,0.204,0.00333,-0.00111,-0.00444,-0.997,-0.092,-0.092,-0.00778,-0.00333,-0.01
3201,-0.965,-0.118,0.202,-0.01444,-0.00556,0.00667,-0.995,-0.09,-0.091,-0.00778,-0.00222,0.00333
3300,-0.969,-0.116,0.207,-0.01333,-0.00444,0.00667,-0.996,-0.093,-0.086,-0.00778,-0.00444,0.0
3401,-0.966,-0.112,0.199,0.00889,0.0,-0.00222,-0.997,-0.092,-0.091,0.01222,0.0,0.0
3498,-0.968,-0.116,0.202,0.0,-0.00222,0.00444,-0.994,-0.09,-0.089,0.00222,0.0,0.00556
3594,-0.967,-0.113,0.202,-0.00333,-0.00222,-0.00333,-0.995,-0.091,-0.088,-0.01111,0.0,-0.00222
3701,-0.968,-0.114,0.204,-0.00111,0.0,0.0,-0.997,-0.09,-0.091,-0.00222,0.0,-0.00111
3799,-0.967,-0.114,0.21,-0.01444,0.0,-0.00222,-0.993,-0.092,-0.081,-0.00444,-0.00111,-0.00444
3897,-0.967,-0.117,0.201,0.01111,0.0,-0.00556,-0.999,-0.086,-0.09,0.00778,0.00222,0.0
3999,-0.968,-0.119,0.202,-0.00778,0.00111,-0.00556,-0.997,-0.09,-0.096,-0.00222,-0.00333,-0.00222
4099,-0.964,-0.115,0.205,-0.00333,0.00111,0.00222,-0.998,-0.093,-0.087,-0.00333,-0.00111,-0.00556
4197,-0.966,-0.115,0.204,0.00222,0.00111,-0.00222,-0.995,-0.092,-0.089,0.00556,0.0,-0.00222
4301,-0.967,-0.119,0.198,-0.00333,0.0,0.00444,-0.997,-0.087,-0.091,-0.00222,0.0,-0.00111
4399,-0.969,-0.117,0.201,-0.00667,-0.00111,0.0,-0.997,-0.09,-0.092,-0.01,-0.00222,0.0
4500,-0.964,-0.114,0.202,-0.00889,-0.00222,0.0,-0.996,-0.088,-0.091,-0.00222,0.0,-0.00222
4595,-0.966,-0.115,0.208,0.0,0.0,-0.00667,-0.993,-0.095,-0.081,0.0,0.0,-0.00667
4697,-0.97,-0.118,0.199,0.01444,0.00111,-0.00444,-0.996,-0.088,-0.094,0.01556,0.0,0.0
4797,-0.966,-0.112,0.207,-0.01333,0.0,0.0,-0.999,-0.09,-0.091,-0.01111,-0.00556,-0.00889
4895,-0.967,-0.113,0.206,-0.00222,0.0,0.0,-0.997,-0.093,-0.085,0.00444,0.00111,-0.00111
4998,-0.966,-0.119,0.201,0.01111,0.0,0.0,-1.0,-0.089,-0.089,0.00222,0.0,-0.00333
5104,-0.972,-0.118,0.199,-0.01667,0.0,0.0,-1.0,-0.091,-0.093,-0.01444,-0.00222,-0.00667
5206,-0.97,-0.113,0.208,-0.01222,0.0,0.00333,-0.998,-0.093,-0.084,-0.01333,-0.00111,-0.00222
5300,-0.965,-0.117,0.201,0.00889,-0.00222,0.00111,-0.998,-0.089,-0.091,-0.00111,0.00333,0.00111
5400,-0.963,-0.114,0.206,-0.00333,0.00333,-0.01,-0.994,-0.092,-0.087,0.01,0.00222,-0.00111
5505,-0.968,-0.121,0.199,0.00778,0.00222,-0.00444,-0.998,-0.091,-0.09,0.02222,0.00222,0.00333
5605,-0.964,-0.12,0.2,-0.01,0.0,0.00444,-0.997,-0.091,-0.088,-0.02,-0.00111,-0.00222
5705,-0.965,-0.114,0.209,-0.01,0.0,0.00667,-0.994,-0.093,-0.089,-0.00778,0.00111,-0.00667
5799,-0.973,-0.111,0.206,0.01778,0.00333,-0.00111,-1.003,-0.091,-0.09,0.00111,-0.00222,-0.00444
5905,-0.97,-0.118,0.201,-0.01556,-0.00222,0.01333,-0.998,-0.092,-0.089,0.00222,0.00333,0.00667
5999,-0.966,-0.116,0.2,-0.00222,-0.00222,0.00333,-0.995,-0.092,-0.089,-0.01,-0.00111,-0.00333
6098,-0.968,-0.107,0.205,-0.00889,-0.00222,0.00222,-0.998,-0.087,-0.094,-0.00667,0.0,0.0
6206,-0.967,-0.111,0.208,0.00333,0.00333,-0.01111,-0.995,-0.094,-0.091,0.0,-0.00222,-0.00889
6305,-0.969,-0.113,0.202,0.00333,0.00444,-0.00444,-0.997,-0.091,-0.09,0.01889,0.0,0.0
6404,-0.964,-0.118,0.199,-0.00556,0.0,0.00111,-0.993,-0.091,-0.089,0.0,-0.00111,-0.00222
6501,-0.966,-0.117,0.206,-0.00778,0.0,-0.00556,-0.997,-0.092,-0.088,-0.00444,0.0,-0.00222
6599,-0.966,-0.115,0.203,0.0,0.0,-0.00111,-0.995,-0.093,-0.09,0.00444,0.0,0.00333
6700,-0.966,-0.119,0.201,0.00333,-0.00111,-0.00333,-0.995,-0.09,-0.094,0.0,0.0,0.0
6800,-0.965,-0.114,0.204,-0.00667,-0.00333,0.00556,-0.997,-0.092,-0.089,-0.01,-0.00222,-0.00444
6902,-0.969,-0.111,0.203,0.00111,-0.00444,-0.00111,-0.996,-0.092,-0.089,-0.00556,-0.00222,-0.00556
6996,-0.967,-0.111,0.207,0.01222,0.00222,-0.01111,-0.996,-0.093,-0.088,0.00778,-0.00111,-0.00889
7099,-0.969,-0.121,0.204,-0.01,0.0,-0.00778,-0.996,-0.091,-0.093,0.01,-0.00333,-0.00222
7199,-0.964,-0.119,0.209,-0.02222,-0.00111,0.0,-0.996,-0.094,-0.085,-0.01,-0.00222,-0.00778
7299,-0.967,-0.117,0.205,0.0,0.0,-0.00222,-0.997,-0.092,-0.087,0.00556,0.0,-0.00444
7402,-0.968,-0.12,0.205,0.0,-0.00222,0.0,-0.999,-0.093,-0.091,0.00222,-0.00333,-0.00444
7500,-0.967,-0.121,0.203,0.0,-0.00111,-0.00222,-0.994,-0.092,-0.094,0.0,0.0,-0.00444
7598,-0.968,-0.114,0.207,-0.00444,0.0,-0.00111,-0.998,-0.092,-0.086,-0.00778,-0.00111,-0.00222
7699,-0.965,-0.119,0.203,0.00222,0.0,-0.00556,-0.994,-0.093,-0.089,-0.00111,0.00222,0.0
7798,-0.968,-0.119,0.202,-0.00333,0.00111,-0.01,-0.994,-0.092,-0.089,-0.00111,0.0,-0.00889
7900,-0.966,-0.118,0.195,-0.00889,0.0,-0.00111,-0.995,-0.089,-0.086,0.0,0.0,0.0
7999,-0.965,-0.12,0.201,0.00222,0.0,0.0,-0.996,-0.092,-0.087,0.00667,0.0,-0.00111
8097,-0.967,-0.116,0.202,-0.00444,-0.00111,-0.00778,-0.997,-0.088,-0.09,-0.00444,-0.00111,-0.00333
8192,-0.965,-0.122,0.206,-0.01333,-0.00222,0.0,-0.998,-0.096,-0.09,-0.00222,0.0,-0.00444
8296,-0.966,-0.11,0.208,0.01,0.00111,0.0,-0.997,-0.093,-0.087,0.00667,0.0,0.0
8398,-0.966,-0.116,0.201,0.01333,0.0,0.0,-0.997,-0.092,-0.096,0.00222,0.0,-0.00444
8498,-0.965,-0.121,0.207,-0.01,0.00333,-0.00444,-0.995,-0.092,-0.091,-0.00889,0.0,-0.00333
8598,-0.965,-0.111,0.209,0.00333,-0.00111,-0.00889,-0.996,-0.09,-0.083,0.0,0.0,-0.00889
8702,-0.966,-0.122,0.197,0.01,0.00111,-0.01,-0.994,-0.093,-0.093,0.02,0.0,0.0
8799,-0.964,-0.12,0.203,-0.00556,-0.00222,0.00222,-0.997,-0.093,-0.087,0.00222,0.0,-0.01333
8898,-0.967,-0.126,0.203,-0.01,0.0,0.00444,-0.997,-0.094,-0.089,0.00667,0.0,0.00222
8994,-0.966,-0.12,0.203,0.0,-0.00333,0.0,-0.998,-0.094,-0.089,0.0,-0.00222,-0.00111
9097,-0.965,-0.121,0.201,-0.00667,0.0,0.00444,-0.994,-0.095,-0.091,0.0,0.0,0.00333
9193,-0.964,-0.116,0.202,-0.01111,-0.00111,0.00333,-1.0,-0.09,-0.09,-0.00333,0.0,0.0
9296,-0.964,-0.12,0.203,-0.00444,-0.00222,-0.00222,-0.994,-0.092,-0.087,0.01,0.00222,0.0
9398,-0.964,-0.117,0.208,0.00667,0.0,-0.01333,-0.994,-0.092,-0.091,-0.00222,0.00556,0.0
9494,-0.967,-0.123,0.201,-0.01444,0.0,0.00111,-0.997,-0.093,-0.09,-0.01667,0.0,-0.00444
9597,-0.969,-0.118,0.204,-0.01,0.00222,0.00222,-0.998,-0.093,-0.086,-0.00778,0.0,0.0
9692,-0.968,-0.114,0.202,0.00667,0.00333,-0.00667,-0.996,-0.09,-0.092,-0.00333,0.00667,0.00333
9794,-0.965,-0.116,0.205,-0.00111,0.00222,0.0,-1.0,-0.091,-0.091,0.00222,0.0,-0.00444
9889,-0.969,-0.117,0.2,-0.00111,0.00333,-0.00667,-0.999,-0.09,-0.098,0.00444,0.0,0.0
9996,-0.97,-0.116,0.199,-0.01222,-0.00222,-0.00556,-0.995,-0.091,-0.088,-0.00667,-0.00222,-0.00667
10095,-0.969,-0.122,0.205,-0.00333,0.0,-0.00556,-0.997,-0.093,-0.083,0.00333,-0.00333,-0.00333
10195,-0.958,-0.126,0.207,0.0,0.01,-0.00778,-0.989,-0.094,-0.1,0.02,-0.00222,-0.02111
10298,-0.965,-0.114,0.205,-0.01111,-0.00111,0.0,-1.003,-0.082,-0.072,0.00111,0.0,0.00667
10394,-0.969,-0.124,0.2,0.00111,-0.00333,0.00333,-0.995,-0.106,-0.09,0.03556,0.0,0.01
10493,-0.972,-0.124,0.19,-0.01,-0.00111,-0.00222,-0.999,-0.091,-0.101,0.00444,0.0,0.00556
10594,-0.965,-0.129,0.194,-0.05111,-0.01556,0.01,-0.993,-0.096,-0.093,-0.04667,-0.01111,-0.00778
10700,-0.964,-0.108,0.212,-0.07222,0.00333,0.01222,-1.003,-0.096,-0.076,-0.02,-0.00444,0.01222
10793,-0.966,-0.111,0.193,0.0,0.00556,-0.00556,-0.995,-0.093,-0.089,-0.02444,-0.00333,-0.00556
10897,-0.965,-0.105,0.191,-0.05556,0.01,-0.00111,-0.998,-0.089,-0.089,-0.01778,0.0,0.0
10997,-0.967,-0.128,0.201,0.04444,0.0,-0.01444,-0.999,-0.073,-0.116,0.00667,0.00222,-0.05889
11097,-0.964,-0.125,0.179,-0.15667,-0.02333,0.01778,-0.998,-0.097,-0.106,-0.14111,-0.01667,-0.04222
11194,-0.965,-0.112,0.207,-0.05,-0.00778,-0.00333,-0.996,-0.132,-0.059,-0.05444,-0.01111,-0.02667
11298,-0.964,-0.136,0.176,0.1,-0.00111,-0.02222,-1.0,-0.104,-0.079,0.04444,-0.00556,-0.01889
11393,-0.966,-0.133,0.199,0.04667,0.00111,-0.01889,-1.005,-0.095,-0.1,0.04778,-0.00222,-0.01333
11499,-0.971,-0.127,0.211,-0.02444,0.01222,-0.00333,-0.99,-0.107,-0.065,0.02556,0.0,0.02
11594,-0.971,-0.132,0.212,0.05,0.01333,-0.02556,-0.986,-0.097,-0.08,0.06556,0.00667,-0.00333
11695,-0.976,-0.141,0.218,-0.03444,0.02556,-0.02667,-0.987,-0.068,-0.092,-0.02889,0.0,-0.02444
11793,-0.967,-0.136,0.19,-0.04333,0.00444,0.0,-0.987,-0.101,-0.091,-0.05889,0.00222,-0.02556
11898,-0.967,-0.132,0.208,-0.00444,0.01667,-0.03,-0.994,-0.116,-0.076,-0.04222,0.00111,-0.01889
11988,-0.979,-0.135,0.209,0.11889,0.02,-0.02556,-0.985,-0.111,-0.079,0.08889,0.0,-0.02333
12098,-0.969,-0.146,0.175,0.05333,0.00222,0.00111,-1.005,-0.102,-0.102,0.03111,0.00444,-0.01556
12194,-0.965,-0.138,0.183,-0.01667,-0.00889,0.02889,-0.998,-0.116,-0.088,0.0,0.00889,0.01667
12289,-0.966,-0.107,0.216,0.03889,-0.01222,0.04222,-0.997,-0.107,-0.066,0.00556,0.00778,0.01444
12397,-0.961,-0.118,0.205,0.12111,0.0,0.01778,-0.999,-0.091,-0.074,0.11889,0.03,0.03333
12494,-0.966,-0.136,0.184,0.06444,0.01889,-0.01,-0.982,-0.102,-0.111,0.07556,0.02333,0.03111
12596,-0.97,-0.137,0.191,0.0,0.00333,-0.00111,-1.0,-0.091,-0.098,-0.02111,0.0,-0.02111
12694,-0.969,-0.122,0.195,-0.03,0.0,0.01333,-0.994,-0.101,-0.097,-0.05222,0.0,-0.00556
12787,-0.964,-0.132,0.187,-0.03444,-0.00111,0.01,-0.993,-0.106,-0.098,-0.03111,-0.00444,0.0
12897,-0.965,-0.122,0.192,-0.02111,-0.00222,0.00333,-0.994,-0.096,-0.082,-0.02333,-0.00444,0.00556
12991,-0.965,-0.122,0.203,0.00667,-0.00111,0.0,-0.998,-0.1,-0.08,0.01778,0.00111,0.02
13096,-0.968,-0.122,0.189,0.03111,-0.00222,0.00556,-0.993,-0.097,-0.1,0.02556,0.0,0.01
13197,-0.972,-0.125,0.191,0.00444,0.0,0.0,-1.0,-0.092,-0.104,0.01444,0.0,0.00444
13297,-0.97,-0.125,0.194,-0.00667,-0.01,0.01,-1.0,-0.101,-0.09,-0.00889,0.00222,0.02333
13396,-0.97,-0.117,0.2,0.00667,-0.00889,0.0,-0.996,-0.095,-0.088,-0.01,-0.00667,-0.00778
13496,-0.968,-0.115,0.199,0.00222,-0.00111,0.00667,-0.996,-0.091,-0.087,0.01,-0.00111,0.00333
13588,-0.965,-0.128,0.197,-0.02,0.01111,-0.01556,-0.993,-0.095,-0.086,-0.01778,-0.00111,0.0
13691,-0.971,-0.11,0.199,0.0,0.00444,0.01444,-0.997,-0.084,-0.087,-0.01889,0.00333,-0.00222
13792,-0.97,-0.12,0.206,-0.02333,0.00556,0.02333,-0.997,-0.1,-0.087,-0.02222,0.01556,0.01667
13894,-0.967,-0.123,0.206,-0.01778,0.01556,0.00778,-0.994,-0.096,-0.089,-0.00333,0.02,-0.00222
13996,-0.978,-0.104,0.207,0.04,-0.00111,0.02,-0.994,-0.092,-0.105,-0.02889,0.02444,-0.00444
14094,-0.975,-0.108,0.178,-0.04111,0.0,0.00444,-1.006,-0.046,-0.106,-0.15,0.02222,-0.03
14188,-0.953,-0.115,0.193,-0.07,0.02556,-0.00222,-0.992,-0.105,-0.101,0.05333,0.02333,-0.01111
14293,-0.951,-0.132,0.172,0.02222,0.03667,-0.06222,-0.976,-0.117,-0.103,0.03889,-0.00111,-0.08556
14396,-0.973,-0.192,0.159,-0.07667,0.03444,-0.13667,-0.979,-0.209,-0.09,0.07778,-0.02444,-0.19
14493,-0.96,-0.19,0.176,-0.07778,0.05444,-0.07,-0.973,-0.134,-0.049,-0.10556,0.04,-0.09111
14588,-0.956,-0.153,0.215,0.08,0.02556,0.01333,-0.974,-0.154,-0.114,0.00889,0.03111,-0.04
14695,-0.958,-0.112,0.212,0.09667,0.01889,0.08556,-0.985,-0.143,-0.11,-0.10111,0.00444,-0.17
14797,-0.996,-0.022,0.133,-0.02556,-0.04556,0.30778,-0.984,-0.186,-0.068,-0.17667,0.03,-0.20556
14892,-1.099,0.095,0.242,0.55556,-0.06,1.31778,-0.96,-0.248,-0.094,-0.16111,-0.01444,-0.23444
14993,-1.129,0.056,0.269,0.74889,-0.27222,1.97222,-0.991,-0.271,-0.139,-0.21333,-0.02778,-0.29
15090,-0.968,0.304,0.046,1.33667,-0.05111,1.44778,-0.969,-0.257,-0.119,0.38,0.03333,-0.19222
15197,-0.662,0.29,0.129,0.27444,0.07333,0.54778,-0.926,-0.168,-0.177,0.21,-0.02222,-0.29778
15296,-0.745,0.505,0.026,0.03333,-0.01444,-0.05222,-1.005,-0.208,-0.102,0.15556,-0.06111,-0.27333
15397,-0.842,0.64,0.278,0.34,-0.15778,-0.11111,-1.036,-0.25,-0.113,0.48556,-0.06111,-0.17778
15496,-0.921,0.547,-0.033,-0.12,-0.28,-0.99111,-1.049,-0.155,-0.242,0.76,-0.13556,-0.24444
15601,-0.396,0.087,-0.45,-1.29333,-0.40222,-0.74,-1.181,0.039,-0.007,-0.22889,0.12333,0.24333
15702,-0.921,0.061,0.221,-0.65,-0.25667,-0.86,-1.156,-0.208,-0.026,-0.30667,-0.01222,2.22889
15801,-0.871,0.112,0.261,-0.34667,0.10333,-1.14111,-1.145,-0.25,-0.169,-1.08667,0.58,1.94
15902,-0.927,0.049,0.228,-0.80889,-0.00889,-1.14222,-0.911,-0.001,-0.066,-1.34,0.34778,1.71889
16002,-0.901,-0.034,0.286,-1.05222,0.13111,-0.77333,-0.721,0.058,0.007,-0.76,0.10889,1.13778
16095,-0.927,-0.113,0.299,-0.44444,0.09111,-0.55222,-0.764,0.388,-0.189,-0.02889,0.17444,0.54889
16195,-0.93,-0.223,0.248,-0.57556,0.19444,-0.68444,-0.875,0.596,-0.132,-0.45444,0.34778,0.23556
16302,-1.007,-0.14,0.212,-0.79889,0.27333,-0.56,-0.598,0.406,-0.067,-0.89,0.38444,-0.23778
16403,-1.2,-0.134,0.248,-0.43667,-0.09111,-0.04222,-0.304,0.203,0.329,-1.68222,0.11778,1.03222
16501,-1.158,-0.062,0.234,-0.07333,-0.12889,1.72889,-1.142,0.255,-0.323,0.59889,0.13889,-0.95444
16602,-1.204,-0.146,0.276,1.71222,-0.75444,2.00333,-0.943,0.125,-0.112,0.43333,0.07667,-1.58111
16701,-0.903,-0.023,0.18,1.90222,-0.41778,1.84222,-0.943,-0.007,-0.14,1.42556,0.04444,-1.47667
16797,-0.722,0.041,0.092,1.49889,-0.06778,1.39333,-0.916,-0.092,-0.218,1.23778,-0.10778,-1.23889
16896,-0.566,0.275,0.049,0.00556,0.13556,0.58333,-1.021,-0.028,-0.322,0.37444,-0.05111,-0.92111
17001,-0.889,0.854,0.325,0.47889,0.00889,-0.36222,-1.022,-0.182,-0.212,0.81444,-0.20444,-0.65444
17095,-0.934,0.742,0.159,0.84556,-0.55444,-0.36667,-1.161,-0.265,-0.246,0.84111,-0.21667,-0.45
17195,0.186,-0.008,-0.443,0.58778,-0.30333,0.22667,-1.303,0.106,-0.129,0.39667,0.00333,0.15333
17294,-0.911,0.133,0.147,-0.83,-0.4,-1.22333,-1.24,-0.195,-0.242,-0.75889,0.18,2.51222
17386,-0.864,0.066,0.33,-0.65333,0.03667,-1.58889,-1.241,-0.179,-0.126,-1.87111,0.49667,1.95
17492,-0.897,0.038,0.157,-1.07556,-0.04333,-1.49,-0.849,-0.053,-0.124,-1.21556,0.33556,2.13889
17593,-0.889,-0.077,0.322,-1.4,0.22111,-1.04889,-0.608,0.03,0.009,-0.68222,0.07667,1.34778
17692,-0.968,-0.046,0.223,-0.71556,0.10667,-0.87778,-0.615,0.484,-0.18,-0.50667,-0.03889,0.17889
17797,-1.102,-0.099,0.302,-1.03556,0.18333,-0.50222,-0.707,0.638,-0.188,-0.57556,0.38556,0.11889
17894,-1.265,-0.125,0.229,-0.69,0.04778,-0.19111,-1.347,1.012,0.103,-0.91444,-0.04333,-0.25222
17994,-1.179,0.071,0.441,-0.18,-0.18,1.58444,-1.387,-0.349,-0.208,1.26,0.54111,-0.50889
18090,-1.262,-0.223,0.31,2.24222,-0.86889,2.01,-0.995,0.124,-0.338,0.66778,0.18,-1.75667
18194,-1.009,-0.111,0.096,2.07889,-0.50556,2.08222,-0.924,0.085,-0.134,1.09,0.03444,-1.79667
18289,-0.612,-0.024,0.091,1.31778,-0.02333,1.82556,-0.985,0.057,-0.234,0.99778,-0.13889,-1.32111
18392,-0.415,0.25,0.002,0.05667,0.27,0.76333,-0.941,-0.187,-0.268,1.09889,-0.19,-1.50556
18498,-0.902,0.914,0.282,0.86556,-0.05333,0.00111,-1.119,-0.146,-0.204,0.88,-0.20556,-0.81111
18594,-1.613,0.559,-0.168,0.88889,-0.32889,-0.82111,-1.395,-0.347,-0.585,0.68556,-0.29,-0.50111
18691,-1.03,0.321,0.099,-2.01222,-0.10222,-1.24111,-1.17,0.098,-0.097,0.60889,0.11556,1.4
18788,-0.823,0.074,0.13,-0.59778,-0.07556,-1.39222,-1.221,-0.364,-0.323,-0.59556,0.57111,2.40444
18892,-0.943,0.06,0.37,-0.83444,-0.03778,-1.59222,-1.158,-0.123,-0.035,-2.21444,0.33,2.12222
18991,-0.861,0.058,0.159,-1.05889,0.14,-1.49778,-0.724,-0.011,-0.029,-1.01556,0.29222,1.90444
19096,-0.896,-0.08,0.326,-1.51,0.26222,-1.17778,-0.463,0.291,-0.018,-0.09111,0.06,0.92222
19192,-1.026,-0.129,0.178,-0.84889,0.19111,-0.96556,-0.866,0.763,-0.166,-0.35889,0.26889,0.32556
19292,-1.046,-0.164,0.356,-1.02667,0.08889,-0.04667,-0.783,0.708,0.036,-1.03667,0.30222,-0.58444
19385,-1.393,0.226,0.319,0.07333,-0.13556,0.43333,-0.022,-0.188,0.412,0.29778,0.49222,-0.68444
19488,-1.332,-0.288,0.593,1.39222,-0.73778,2.24778,-0.635,0.114,-0.138,0.47,0.21889,-1.47
19593,-1.216,-0.123,0.055,2.19444,-0.47222,2.04889,-0.932,0.109,-0.206,0.95556,0.12778,-1.53444
19695,-0.73,-0.025,0.196,1.34778,-0.13778,2.03111,-0.941,0.056,-0.194,0.98889,-0.05,-1.49333
19790,-0.449,0.144,-0.049,0.07889,0.18111,0.88556,-0.934,-0.122,-0.18,0.83556,-0.11333,-1.52778
19884,-0.679,0.855,0.403,0.70778,0.16667,-0.32889,-1.051,-0.037,-0.147,0.61444,-0.29,-1.12
19991,-0.625,0.702,0.148,0.47333,-0.41333,-0.77667,-1.166,-0.255,-0.203,1.05778,-0.21889,-0.45333
20098,-0.169,0.19,-0.392,0.05444,-0.44,-0.19889,-1.37,0.171,-0.138,0.27,0.06444,0.28889
20193,-0.897,0.147,0.283,-0.68222,-0.18333,-1.40889,-1.16,-0.224,-0.148,-0.80222,0.28667,2.76778
20293,-0.875,0.073,0.285,-0.65889,-0.02889,-1.69333,-1.238,-0.184,-0.121,-1.98667,0.62222,2.03667
20389,-0.931,0.004,0.273,-1.18,0.17222,-1.50111,-0.812,0.003,-0.125,-1.32889,0.31111,2.08889
20496,-0.94,-0.075,0.268,-1.19111,0.20222,-1.22,-0.625,0.082,-0.018,-0.21556,-0.06222,1.08222
20590,-0.993,-0.215,0.26,-0.76,0.14111,-0.86,-0.9,0.725,-0.318,-0.65889,0.07333,0.19111
20694,-1.04,-0.182,0.266,-1.03,0.12556,-0.29556,-0.664,0.552,-0.067,-0.82667,0.28667,-0.03111
20790,-1.187,-0.07,0.262,-0.51222,-0.01556,-0.07333,-1.145,1.053,0.17,-0.82,0.05,-0.37778
20893,-1.153,-0.002,0.44,-0.06333,-0.17,1.76,-1.229,-0.134,-0.292,1.25889,0.28222,-0.65889
20994,-1.303,-0.208,0.251,2.40667,-0.91222,1.96333,-0.96,0.104,-0.172,0.69778,0.08222,-1.66778
21094,-1.025,-0.071,0.091,1.82333,-0.42667,2.19444,-0.964,0.066,-0.25,1.36333,-0.02667,-1.71889
21194,-0.578,-0.024,0.021,1.33667,0.04556,1.83333,-0.983,-0.008,-0.104,0.94444,-0.07,-1.33556
21291,-0.318,0.323,0.108,0.24,0.24889,0.60444,-0.954,-0.24,-0.298,1.07,-0.24333,-1.42889
21393,-0.966,0.862,0.242,0.78333,-0.34111,-0.19111,-1.133,-0.129,-0.229,1.03778,-0.22667,-0.70444
21495,-1.59,0.751,-0.035,0.63556,-0.20222,-0.76111,-1.34,-0.194,-0.356,0.35667,-0.11111,-0.43
21595,-1.237,0.582,0.373,-2.14667,-0.32,-0.92111,-1.151,0.138,-0.2,0.62778,0.18111,1.57
21692,-1.024,0.063,0.339,-0.81889,-0.02,-1.58889,-1.26,-0.398,-0.259,-1.16667,0.84778,2.28111
21793,-0.894,0.063,0.231,-0.72333,0.03778,-1.77556,-1.068,-0.111,0.018,-1.99333,0.35444,2.37889
21894,-0.902,-0.004,0.219,-1.26,0.22333,-1.43111,-0.6,-0.069,-0.025,-1.10889,0.15556,2.04556
21991,-0.931,-0.169,0.375,-1.28778,0.3,-1.18111,-0.487,0.341,-0.099,-0.22556,-0.03889,1.03889
22091,-1.035,-0.215,0.211,-1.04889,0.12889,-0.62,-0.842,0.765,-0.2,-0.72111,0.23889,0.21778
22191,-1.104,-0.124,0.37,-0.92,0.08,-0.14,-0.97,0.717,0.204,-0.68889,0.40778,-1.04
22287,-1.316,0.148,0.262,-0.16778,-0.17222,1.08,-0.3,0.134,0.32,1.36444,0.57222,-1.97667
22398,-1.32,-0.258,0.449,1.38,-0.87667,2.24889,-0.798,0.231,-0.104,0.33111,0.22111,-1.62889
22492,-1.103,-0.111,0.124,2.23333,-0.54556,2.08111,-0.915,0.103,-0.248,0.88333,0.13889,-1.56333
22593,-0.683,0.018,0.135,1.37556,-0.14,2.02,-0.939,0.031,-0.18,1.21,-0.03667,-1.51
22693,-0.454,0.185,-0.022,0.14333,0.11222,0.98,-0.922,-0.138,-0.227,1.33556,-0.14778,-1.44444
22792,-0.825,0.983,0.365,1.0,-0.00333,-0.3,-1.139,0.031,-0.149,0.58,-0.19,-1.01889
22893,-1.284,0.733,0.031,0.68222,-0.38,-0.66556,-1.271,-0.308,-0.519,1.06667,-0.29667,-0.48667
22992,-0.974,0.595,-0.049,-1.18111,-0.24667,-1.19667,-1.27,0.149,-0.123,0.56,0.01222,0.66444
23090,-0.935,0.084,0.277,-0.83889,-0.15,-1.58444,-1.239,-0.338,-0.181,-1.44667,0.37111,2.57778
23190,-0.867,0.071,0.384,-0.7,-0.03778,-1.8,-1.13,-0.169,-0.055,-1.94,0.46889,2.21
23286,-0.899,0.05,0.18,-1.03222,0.09333,-1.44889,-0.742,-0.021,-0.12,-1.24889,0.28778,2.10889
23381,-0.869,-0.064,0.306,-0.95,0.24778,-1.20111,-0.58,0.193,0.028,-0.16,0.01889,1.09556
23493,-0.965,-0.087,0.343,-0.68444,0.25889,-0.87444,-0.815,0.768,-0.253,-0.57,-0.01333,0.2
23592,-1.075,-0.187,0.28,-1.1,0.10333,-0.25667,-0.536,0.553,-0.139,-0.81,0.42222,-0.29556
23688,-1.361,0.072,0.161,-0.13556,-0.01333,-0.01333,-0.005,0.083,0.437,-1.16333,0.14333,0.44111
23790,-1.156,-0.187,0.517,0.48333,-0.20444,2.28,-0.887,0.193,-0.319,0.52889,0.18556,-0.86333
23891,-1.269,-0.184,0.069,2.7,-0.78222,1.92111,-0.962,0.114,-0.18,0.93556,0.09,-1.66556
23990,-0.841,0.015,0.219,1.49222,-0.36556,2.34556,-0.929,0.041,-0.333,1.13889,-0.04222,-1.84889
24090,-0.488,0.087,-0.059,1.04667,0.07667,1.58,-0.922,-0.016,-0.118,1.42556,-0.12889,-1.52222
24190,-0.416,0.521,0.287,0.56,0.21111,-0.04778,-0.958,-0.19,-0.24,0.82444,-0.26778,-1.18111
24292,-0.86,0.863,0.173,0.54889,-0.34111,-0.03111,-1.173,-0.17,-0.149,1.10667,-0.26778,-0.49222
24390,-0.532,0.809,-0.287,0.98444,-0.24,0.44667,-1.467,0.098,-0.196,0.17778,0.02111,-0.30222
24492,-0.921,0.159,0.282,-2.13111,-0.37111,-1.11556,-1.163,-0.026,-0.233,-0.13444,0.18778,2.49111
24593,-0.94,0.131,0.272,-0.87444,0.09444,-1.64333,-1.257,-0.231,-0.202,-1.72889,0.75333,2.19111
24691,-0.867,0.048,0.197,-0.63556,0.13,-1.72111,-0.981,-0.078,-0.061,-1.23222,0.40556,2.35111
24792,-0.898,0.035,0.187,-1.45111,0.19222,-1.23667,-0.53,-0.007,-0.015,-0.50444,0.01,1.55333
24887,-0.87,-0.155,0.303,-0.81333,0.22667,-1.01667,-0.588,0.602,-0.177,-0.43444,-0.01222,0.61556
24988,-1.044,-0.184,0.178,-0.91778,0.13222,-0.78778,-0.642,0.619,-0.176,-1.05556,0.32,0.04667
25092,-1.34,-0.191,0.669,-1.03889,0.29778,-0.37,-2.024,0.793,0.443,-0.41778,0.04222,-0.48222
25192,-1.213,0.055,0.354,-0.66222,-0.21,1.45444,-1.475,0.005,-0.527,1.49556,0.34444,-0.84556
25291,-1.281,-0.232,0.343,1.99444,-0.92778,2.11778,-0.792,0.165,-0.116,0.59111,0.14778,-1.92667
25392,-1.048,-0.106,0.125,2.19889,-0.51889,2.06667,-0.865,0.144,-0.182,1.01,0.03222,-1.65222
25491,-0.752,0.03,0.123,1.09111,-0.03222,2.03667,-0.976,0.06,-0.223,0.82667,-0.11889,-1.25778
25591,-0.428,0.144,0.049,0.22111,0.30889,0.85444,-0.93,-0.209,-0.249,1.46778,-0.16111,-1.55222
25688,-0.898,0.99,0.305,0.67333,-0.06333,-0.22667,-1.088,-0.001,-0.22,0.79333,-0.29,-1.10111
25789,-1.036,0.764,-0.038,0.94556,-0.26556,-0.03556,-1.347,-0.404,-0.339,0.60444,-0.26333,-0.49
25891,-0.647,0.438,-0.044,-0.96222,0.00222,-1.32778,-1.254,0.101,-0.135,0.54333,0.07556,0.90333
25998,-1.071,0.01,0.256,-1.04889,-0.18667,-1.63778,-1.227,-0.372,-0.248,-0.95556,0.62,2.56556
26097,-0.894,0.074,0.358,-0.66,-0.03889,-1.86667,-1.229,-0.169,-0.06,-2.24556,0.41222,2.34
26191,-0.909,0.031,0.108,-0.88111,0.10333,-1.54556,-0.677,-0.058,-0.103,-1.15,0.28,2.48111
26292,-0.852,-0.127,0.334,-1.27111,0.35556,-1.30111,-0.484,0.22,-0.022,-0.15444,0.05889,1.20889
26398,-0.989,-0.057,0.258,-0.56,0.12667,-0.90111,-0.787,0.767,-0.143,-0.89556,0.13889,0.10667
26492,-1.159,-0.174,0.269,-1.22444,0.05556,-0.31556,-0.67,0.689,0.037,-1.01,0.36,-0.5
26597,-1.364,0.034,0.139,-0.21444,-0.06444,0.17444,0.323,-0.221,0.465,-1.23667,0.23556,0.86222
26698,-1.171,-0.252,0.466,1.07667,-0.46444,2.21,-0.733,0.151,-0.158,0.42444,0.24,-0.98
26794,-1.255,-0.145,0.124,2.20778,-0.73667,2.03667,-0.93,0.167,-0.234,0.95778,0.1,-1.72889
26897,-0.829,-0.019,0.211,1.41778,-0.31667,2.37667,-0.953,0.07,-0.201,0.93778,0.04444,-1.69
26996,-0.532,0.047,0.047,0.70556,0.15222,1.54444,-0.973,-0.025,-0.131,0.87889,-0.09556,-1.43
27096,-0.441,0.545,0.312,0.3,0.18667,0.06,-0.953,-0.157,-0.218,0.69,-0.20667,-1.33222
27197,-0.779,0.77,0.184,0.57889,-0.56556,-0.1,-1.039,-0.276,-0.14,0.89111,-0.16667,-0.56
27298,-0.942,1.075,-0.128,1.34222,-0.18556,-0.14556,-1.371,-0.113,-0.079,0.05,-0.00333,-0.54444
27390,-1.048,-0.11,0.116,-2.46556,-0.08111,-0.75778,-1.271,0.079,-0.27,0.48333,0.20444,1.57889
27490,-1.094,-0.06,0.639,-0.61556,0.1,-1.70333,-1.406,-0.359,-0.169,-1.03889,0.72222,2.70444
27590,-0.87,0.139,0.114,-0.93333,0.02333,-1.87778,-1.124,-0.12,-0.052,-1.57,0.36111,2.54556
27690,-0.863,0.084,0.161,-1.17556,0.13778,-1.40333,-0.496,-0.033,-0.052,-1.38222,0.03333,1.68889
27788,-0.887,-0.17,0.37,-1.24333,0.37111,-1.08111,-0.432,0.325,-0.02,-0.05,0.01556,0.65778
27889,-1.045,-0.045,0.203,-0.93,0.06111,-0.73444,-0.878,0.833,-0.174,-0.61778,0.21333,0.09889
27990,-1.304,-0.182,0.454,-1.11556,0.22778,-0.38111,-0.85,0.748,0.077,-0.97667,0.45111,-0.64778
28084,-1.332,0.104,0.206,-0.28,-0.14111,0.91333,-0.743,0.392,0.266,1.21222,0.50333,-2.09222
28188,-1.273,-0.321,0.568,1.65556,-0.89,2.08111,-0.761,0.106,-0.223,0.88,0.3,-1.89556
28276,-1.186,-0.136,-0.021,2.13556,-0.46444,2.22778,-0.885,0.148,-0.126,0.78222,-0.01667,-1.75556
28391,-0.707,-0.063,0.201,1.39333,-0.08,2.09778,-0.916,0.023,-0.206,1.09778,-0.01778,-1.49444
28491,-0.461,0.111,-0.024,0.45444,0.32333,0.82333,-0.957,-0.208,-0.26,1.28333,-0.07333,-1.65333
28584,-0.778,0.947,0.329,0.68,0.04778,-0.29,-1.049,-0.137,-0.22,0.84,-0.11889,-0.88111
28688,-1.355,0.721,-0.026,0.48222,-0.25111,-0.46111,-1.32,-0.345,-0.385,0.66556,-0.24,-0.49
28787,-0.841,0.448,-0.131,-1.5,-0.11444,-1.32,-1.279,0.086,-0.083,0.36444,0.05333,0.89333
28887,-0.935,0.014,0.162,-0.9,0.0,-1.62778,-1.257,-0.388,-0.339,-1.04667,0.53778,2.47222
28987,-0.84,0.106,0.401,-0.86778,-0.04,-1.86667,-1.184,-0.153,0.01,-2.05333,0.41333,2.16
29087,-0.894,0.048,0.069,-0.81556,0.14889,-1.59444,-0.709,-0.05,-0.057,-1.06111,0.11778,2.13556
29187,-0.836,-0.193,0.298,-1.01,0.33444,-1.47889,-0.497,0.177,-0.028,0.11667,-0.12222,1.15889
29290,-1.038,0.061,0.511,-0.37222,0.08778,-1.03889,-0.756,0.807,-0.312,-0.61778,0.06444,-0.11222
29389,-1.103,-0.271,0.306,-1.30556,0.02444,-0.24,-0.633,0.701,-0.046,-0.88,0.37556,-0.01667
29488,-1.384,0.049,0.353,-0.56111,-0.04111,0.08889,-0.304,0.363,0.471,-0.69444,-0.16,0.28
29591,-1.144,-0.112,0.411,0.85222,-0.47222,2.06444,-1.11,0.203,-0.22,1.06778,0.17778,-1.0
29689,-1.303,-0.194,0.126,2.27444,-0.81889,2.03778,-0.874,0.178,-0.158,0.69,0.03,-1.76
29789,-0.871,-0.03,0.228,1.42,-0.42444,2.38333,-0.914,0.03,-0.146,0.93889,0.06778,-1.78667
29888,-0.501,0.015,-0.01,0.77667,0.23667,1.55444,-0.924,0.039,-0.121,1.21556,-0.03333,-1.55222
29990,-0.417,0.518,0.293,0.38111,0.31667,0.18889,-1.017,-0.14,-0.302,0.42778,-0.21667,-1.14
30088,-0.754,0.702,0.129,0.20778,-0.31667,-0.06111,-1.164,-0.206,-0.05,0.85111,-0.11778,-0.43111
30193,-0.818,1.071,0.107,1.35,-0.22556,0.28333,-1.298,-0.131,-0.187,0.06,0.14222,-0.20222
30288,-1.027,-0.09,0.265,-1.66222,-0.25,-0.78,-1.201,0.097,-0.153,0.15111,-0.07556,2.18222
30392,-1.038,0.038,0.428,-0.78,0.15444,-1.65667,-1.284,-0.244,-0.251,-1.84222,0.86333,2.17
30489,-0.9,0.048,0.186,-0.57778,0.09667,-1.81111,-1.015,-0.099,0.027,-1.54778,0.42778,2.29778
30592,-0.899,-0.004,0.199,-1.53778,0.18556,-1.30444,-0.541,-0.05,-0.027,-1.05333,0.04444,1.68778
30688,-0.895,-0.259,0.294,-0.79,0.42111,-1.29,-0.541,0.487,-0.157,-0.03111,0.02,0.66222
30782,-1.056,-0.056,0.231,-1.02333,-0.04667,-0.43889,-0.721,0.772,-0.212,-0.90111,0.22,0.27222
30890,-1.307,-0.273,0.498,-0.90889,0.17,-0.21444,-1.915,0.821,0.022,-0.95333,-0.15444,-0.42444
30989,-1.249,0.071,0.458,-0.41222,-0.16,1.08,-1.237,-0.016,-0.249,1.27889,0.36222,-0.84222
31077,-1.407,-0.326,0.524,1.95667,-0.83222,2.34444,-0.966,0.142,-0.196,0.50444,0.18444,-1.75778
31185,-1.185,-0.066,0.068,2.19111,-0.47556,2.23444,-0.958,0.2,-0.264,0.91667,-0.02222,-1.87556
31281,-0.734,0.01,0.193,1.20333,-0.08556,2.22889,-0.919,0.05,-0.147,1.16333,-0.13556,-1.68889
31392,-0.371,0.129,-0.026,0.47778,0.37889,1.01444,-0.895,-0.223,-0.301,1.17667,-0.30889,-1.94778
31488,-0.658,0.931,0.17,0.07778,0.08667,-0.30667,-0.975,-0.12,-0.124,0.85556,0.0,-0.81889
31588,-0.507,0.675,0.085,0.45778,-0.46,-0.79,-1.09,-0.318,0.006,0.81333,-0.11556,-0.44889
31688,0.371,-0.023,-0.631,-0.77667,-0.57444,-1.13111,-1.427,0.165,-0.091,0.26889,0.12222,0.51
31785,-0.752,0.102,0.131,-0.76667,-0.25222,-1.59,-1.248,-0.25,-0.24,-0.92111,0.20111,2.7
31889,-0.851,0.089,0.456,-0.49889,-0.01111,-1.82667,-1.217,-0.17,-0.064,-2.02,0.52,2.15222
31990,-0.903,0.059,0.21,-1.05444,0.03778,-1.61111,-0.713,-0.041,-0.168,-1.18667,0.41444,2.26
32089,-0.888,-0.044,0.352,-1.08667,0.19889,-1.11333,-0.564,0.158,0.02,-0.32,0.05222,1.22
32187,-0.929,-0.116,0.232,-0.62778,0.25667,-0.9,-0.694,0.585,-0.191,-0.47333,0.05444,0.28444
32289,-1.049,-0.145,0.261,-1.00778,0.19111,-0.61333,-0.6,0.673,-0.187,-0.76222,0.32556,-0.05889
32381,-1.228,-0.109,0.275,-0.42556,0.04111,-0.42444,-0.761,0.982,0.402,-1.21333,-0.19111,0.29778
32488,-1.216,-0.034,0.39,-0.41,-0.12556,1.53667,-1.327,-0.202,-0.162,2.50778,0.21222,-0.99333
32587,-1.465,-0.286,0.444,2.09111,-0.96556,2.23778,-1.059,0.098,-0.202,0.51,0.12333,-1.86111
32689,-1.013,-0.091,0.118,2.15333,-0.49,2.37778,-0.862,0.143,-0.171,1.15222,0.06111,-2.06
32781,-0.555,-0.01,0.062,1.45556,0.02444,2.05556,-0.984,0.065,-0.177,1.03333,-0.23222,-1.52
32876,-0.453,0.275,0.05,0.19333,0.31,0.82889,-0.959,-0.079,-0.29,1.30444,-0.15,-1.23
32989,-0.711,0.861,0.325,0.89556,-0.02444,-0.24556,-1.076,-0.096,-0.076,0.42333,-0.23111,-1.13333
33089,-1.263,0.862,-0.104,0.87444,-0.41778,-0.72222,-1.397,-0.292,-0.649,1.08333,-0.27111,-0.64444
33187,-0.032,-0.07,-0.646,-1.0,-0.31111,-1.05333,-1.306,0.019,-0.041,0.61,0.05333,0.52889
33287,-0.902,0.145,0.244,-0.84667,-0.27,-1.58111,-1.236,-0.367,-0.276,-0.90778,0.40444,2.76
33387,-0.899,0.083,0.337,-0.57556,-0.03333,-1.85,-1.231,-0.173,-0.113,-2.29,0.56667,2.21333
33479,-0.927,0.042,0.24,-1.19667,-0.01444,-1.63889,-0.75,-0.035,-0.106,-1.37667,0.38889,2.4
33587,-0.904,-0.013,0.282,-1.32778,0.27111,-1.08556,-0.472,0.102,0.008,-0.26556,0.09222,1.32889
33687,-0.929,-0.098,0.315,-0.77444,0.21556,-0.96778,-0.735,0.808,-0.202,-0.51889,-0.02222,0.10333
33787,-0.991,-0.16,0.226,-1.0,0.20778,-0.52,-0.746,0.778,-0.147,-1.05,0.49889,0.05111
33887,-1.482,0.08,0.295,-0.37889,-0.01,-0.24889,0.014,-0.001,0.749,-1.55,-0.35,0.34
33988,-1.193,-0.155,0.352,0.73667,-0.42,2.35556,-0.886,0.244,-0.556,0.84222,0.32333,-1.09667
34087,-1.358,-0.248,0.06,2.70444,-0.87556,2.15444,-0.896,0.176,0.002,0.95,0.01667,-1.76444
34185,-0.8,-0.025,0.213,1.51667,-0.43889,2.53,-0.917,0.105,-0.214,1.11111,0.03444,-1.74444
34290,-0.436,0.019,-0.016,0.79111,0.12444,1.46222,-0.915,0.024,-0.171,1.53778,-0.13667,-1.62556
34384,-0.403,0.598,0.35,0.32778,0.17,0.13889,-1.079,-0.038,-0.333,0.27,-0.30333,-1.51889
34489,-0.647,0.706,0.254,0.09778,-0.43778,-0.30222,-1.183,-0.262,-0.078,1.04667,-0.1,-0.39667
34584,-0.407,0.599,-0.376,0.87111,-0.19,0.83,-1.333,0.069,-0.153,0.03,0.03444,-0.03222
34686,-1.125,0.365,0.313,-1.76556,-0.12,-1.08889,-1.143,-0.06,-0.23,-0.55444,0.16,2.23778
34784,-0.977,0.147,0.364,-0.70556,0.15444,-1.60889,-1.238,-0.226,-0.187,-1.66222,0.74222,2.09889
34877,-0.929,0.045,0.234,-0.66556,0.06,-1.78667,-0.946,0.011,-0.161,-1.00778,0.41444,2.34444
34986,-0.944,0.033,0.311,-1.29556,0.17,-1.28111,-0.52,-0.009,-0.02,-0.96222,0.09889,1.49778
35087,-0.916,-0.016,0.258,-0.88778,0.19444,-1.05222,-0.536,0.541,-0.142,-0.17556,-0.05778,0.51556
35182,-0.959,-0.184,0.243,-0.78,0.18778,-0.87556,-0.811,0.82,-0.236,-0.35444,0.17444,0.16
35283,-1.163,-0.295,0.519,-1.06444,0.27,-0.34111,-1.52,0.795,0.117,-1.12,0.01222,-0.05667
35376,-1.388,0.048,0.212,-0.80111,-0.02,1.01444,-1.421,1.018,-0.432,0.31,0.33444,-1.19778
35486,-1.418,-0.32,0.559,1.98,-1.00333,2.09111,-0.994,0.146,-0.258,0.65222,0.20667,-1.80667
35576,-1.131,-0.07,0.004,2.32667,-0.58,2.14,-0.891,0.192,-0.282,1.16,-0.02111,-1.87222
35677,-0.625,0.012,0.167,1.34,-0.04444,2.13667,-0.952,0.076,-0.258,1.00889,-0.04111,-1.62222
35787,-0.423,0.159,-0.036,0.30444,0.26556,1.03889,-0.895,-0.136,-0.154,1.07222,-0.14556,-1.50556
35889,-0.778,0.845,0.479,0.54889,0.03,-0.32111,-1.054,-0.031,-0.169,0.41444,-0.17333,-1.11556
35985,-0.745,0.81,0.034,0.58,-0.28778,-0.20889,-1.179,-0.354,-0.209,1.12778,-0.22778,-0.67778
36095,-0.078,0.0,-0.458,-0.11,-0.45444,-0.18,-1.452,0.073,-0.208,0.36444,0.09222,0.47444
36189,-0.853,0.128,0.231,-0.94556,-0.43333,-1.36111,-1.181,-0.246,-0.196,-1.12333,0.23667,2.72222
36289,-0.863,0.042,0.437,-1.10333,0.03222,-1.64778,-1.314,-0.207,-0.072,-2.20778,0.48889,2.22
36394,-0.88,0.1,0.162,-0.82778,0.08,-1.76,-0.763,-0.01,-0.149,-1.27889,0.36889,2.37222
36495,-0.864,-0.009,0.342,-1.38,0.2,-1.08,-0.514,0.053,0.028,-0.32667,-0.09333,1.40667
36594,-0.918,-0.102,0.285,-0.69556,0.26667,-1.04889,-0.732,0.719,-0.275,-0.37444,-0.05556,0.21889
36688,-1.046,-0.161,0.186,-0.84111,0.12556,-0.72,-0.636,0.622,-0.136,-0.83444,0.26222,0.06333
36788,-1.221,-0.112,0.399,-0.88333,0.18667,-0.10667,-1.688,1.384,0.005,-0.65111,-0.30778,-0.44222
36893,-1.186,0.064,0.38,-0.63889,-0.00333,1.57444,-1.143,-0.463,-0.382,1.79889,0.42333,-0.47667
36993,-1.385,-0.262,0.294,2.41889,-1.1,2.02,-1.027,0.147,-0.14,0.50222,0.15222,-1.81333
37090,-1.061,-0.087,0.065,2.29667,-0.65,2.13556,-0.89,0.149,-0.24,1.17111,0.03556,-1.85778
37189,-0.573,0.047,-0.007,1.21778,-0.08222,1.78,-0.934,0.059,-0.198,1.27667,-0.09667,-1.64111
37290,-0.446,0.144,0.059,0.32222,0.29667,0.81222,-0.911,-0.13,-0.167,1.37,-0.1,-1.55556
37394,-0.825,0.907,0.268,0.50333,-0.11,0.29556,-1.049,0.016,-0.05,0.49111,-0.08444,-1.21778
37485,-1.03,1.055,0.024,0.69778,-0.25,0.09667,-1.301,-0.404,-0.502,1.02333,-0.18111,-0.65111
37586,-0.868,1.001,0.075,-0.67,-0.22889,-0.76556,-1.358,0.002,-0.147,0.7,0.02889,0.3
37683,-1.035,0.146,0.38,-1.48,-0.31,-1.54,-1.232,-0.24,-0.314,-1.08889,0.08111,2.67333
37782,-0.862,0.14,0.353,-0.65222,0.12889,-1.80889,-1.252,-0.22,-0.041,-1.76333,0.53222,2.21111
37885,-0.855,0.096,0.279,-0.65,0.14667,-1.86778,-0.831,0.016,-0.152,-1.22222,0.44667,2.41778
37986,-0.926,0.017,0.179,-1.48111,0.27889,-1.12,-0.511,0.072,0.01,-0.56778,-0.01,1.38222
38085,-0.892,-0.18,0.461,-0.93222,0.25,-1.02556,-0.646,0.537,-0.204,-0.33556,-0.18556,0.39
38187,-1.001,-0.18,0.377,-1.06444,0.23222,-0.63778,-0.717,0.645,-0.14,-0.59,0.21444,0.23
38279,-1.047,-0.318,0.338,-0.50778,0.11667,-0.21667,-1.541,0.974,0.168,-0.90889,-0.34,-0.13556
38382,-1.217,-0.049,0.385,-0.30556,-0.22111,1.46889,-1.467,0.08,0.004,1.98,0.17556,-0.74667
38484,-1.458,-0.273,0.389,1.99778,-0.82,1.99889,-0.985,0.24,-0.233,0.89222,0.33556,-1.81444
38584,-1.114,-0.037,0.159,1.85444,-0.39444,2.36111,-0.922,0.141,-0.155,0.48222,0.12111,-2.01667
38683,-0.679,0.047,0.147,1.11667,-0.00111,2.04111,-0.944,0.062,-0.074,1.17,-0.15,-1.56111
38789,-0.528,0.191,0.095,0.55222,0.38667,0.82333,-0.896,-0.183,-0.202,1.05556,-0.12556,-1.53778
38884,-0.632,0.768,0.23,-0.27444,-0.04444,-0.15889,-1.031,0.018,-0.249,0.52222,-0.33111,-1.32
38987,-0.432,0.789,0.124,0.65111,-0.44444,-0.72778,-1.224,-0.186,0.02,0.54444,-0.11333,-0.40667
39084,0.491,0.003,-0.581,-0.15444,-0.51889,-0.03778,-1.331,0.234,-0.042,-0.19,0.24556,0.46444
39176,-0.774,0.049,0.294,-0.72889,-0.31778,-1.29111,-1.357,-0.435,-0.277,-0.16333,0.44222,2.56222
39283,-0.965,0.086,0.38,-0.36,-0.01,-1.82556,-1.282,-0.144,-0.133,-2.15778,0.51333,2.20556
39384,-0.89,0.081,0.257,-0.77333,0.05444,-1.75,-0.73,-0.016,-0.02,-1.39,0.31222,2.15889
39482,-0.898,0.084,0.169,-1.19556,0.19222,-1.22889,-0.493,0.113,-0.086,-0.05556,0.12333,1.17
39582,-0.844,-0.218,0.296,-0.43667,0.37667,-1.27,-0.652,0.662,-0.192,-0.63111,0.00444,0.24333
39685,-0.939,-0.268,0.234,-1.30333,0.15444,-0.71333,-0.612,0.714,-0.233,-0.96889,0.40667,0.41
39779,-1.285,-0.102,0.31,-0.6,-0.04889,-0.31556,-0.936,1.114,0.294,-1.34111,0.00778,0.17
39876,-1.211,-0.021,0.418,-0.21667,-0.19778,1.69222,-1.196,-0.131,0.036,3.16556,0.2,-1.20889
39984,-1.523,-0.323,0.372,2.48111,-0.99333,2.44222,-1.094,0.116,-0.268,0.52778,0.05222,-1.78667
40082,-1.177,-0.117,0.148,1.86111,-0.54222,2.77333,-0.903,0.207,-0.15,0.94,0.03,-1.91889
