Header;foot_Accel_X;foot_Accel_Y;foot_Accel_Z;foot_Gyro_X;foot_Gyro_Y;foot_Gyro_Z;shank_Accel_X;shank_Accel_Y;shank_Accel_Z;shank_Gyro_X;shank_Gyro_Y;shank_Gyro_Z;thigh_Accel_X;thigh_Accel_Y;thigh_Accel_Z;thigh_Gyro_X;thigh_Gyro_Y;thigh_Gyro_Z;trunk_Accel_X;trunk_Accel_Y;trunk_Accel_Z;trunk_Gyro_X;trunk_Gyro_Y;trunk_Gyro_Z;Label
8.13;-0.421102452;0.247471732;0.887216895;-0.073434188;-0.206619009;0.140245331;-1.023782753;-0.031023598;-0.278189048;-0.403746412;-0.054540899;0.201771818;-1.021076887;-0.215204255;-0.073724639;-0.125865821;-0.11772655;-0.370283432;-1.01876722;-0.059825932;0.175314071;0.303480255;0.053238643;0.083225283;idle
8.23;-0.391773325;0.25545438;0.876427549;0.141826335;0.040123023;0.105001948;-0.978541677;0.065180352;-0.244086199;0.062105327;-0.179201287;0.319650991;-0.957894565;-0.291778261;0.062174786;-0.157547294;-0.058984074;-0.515006476;-0.981331642;0.103544567;0.120757338;-0.151669876;0.376035678;0.239755729;idle
8.33;-0.396168328;0.272121833;0.865165858;0.067239385;0.035760525;0.029404775;-0.978352158;0.121448301;-0.208314836;0.094539822;-0.133304936;0.185107372;-0.984535733;-0.147532304;0.048523197;0.430743931;0.063268777;-0.136471647;-0.997245978;0.030209265;0.269334984;-0.078288736;0.357321916;0.211043477;idle
8.43;-0.395596591;0.263972325;0.861804883;-0.110408574;-0.050597209;-0.073672566;-0.961096381;0.109407932;-0.177372019;0.043295221;0.131509336;-0.010020347;-0.97698391;-0.140583264;0.05445541;-0.401067318;-0.067645234;-0.197610439;-0.952874675;0.139092183;0.20898451;0.059369932;0.289200968;0.137234159;idle
8.53;-0.389961904;0.242214635;0.870777518;0.020266086;-0.043317219;-0.040408458;-0.975210816;0.057599741;-0.233153634;-0.038961351;0.337243953;-0.089298743;-0.937701962;-0.196298488;0.034303832;-0.197865891;0.086637924;-0.50367449;-0.980987001;0.122051051;0.237643162;0.073828333;0.137620228;-0.086144813;idle
8.63;-0.38400637;0.259601623;0.875642995;0.015200981;-0.05279421;-0.050071821;-0.97669685;0.109509731;-0.24435494;-0.01640437;0.586725631;-0.263357394;-0.965127529;-0.206623236;0.080946441;-0.1699349;0.138375763;-1.125249002;-1.000665488;0.111320391;0.197877268;-0.068451415;-0.049745549;-0.134898096;idle
8.73;-0.389422615;0.253813085;0.910297492;-0.123020235;0.611721829;-0.214879702;-1.098480248;0.046056418;-0.301082522;0.089105038;0.94066723;-0.572501776;-1.085644712;-0.351834528;0.095725548;-0.049781762;0.353675387;-0.088334704;-1.078430656;0.16217388;0.182173923;-0.007557974;-0.127702594;-0.236069018;idle
8.83;-0.481351525;0.301792295;0.926488307;-0.115028845;2.979319083;-0.928856876;-1.291767851;-0.03073871;-0.156910281;0.089340681;2.064376227;-0.895985989;-1.248198129;0.200951867;0.047865366;0.331320975;0.472287231;1.405536021;-1.137979946;0.104565471;0.070997631;-0.231447468;-0.410044329;-0.064898136;idle
8.93;-1.202058645;0.544662605;1.151305693;-1.736386767;5.682092016;-2.298440369;-1.277351264;0.238041625;-0.509724729;0.497180965;2.220918837;-0.704586432;-1.320785665;-0.138964979;-0.148571417;-0.781145418;-0.06369705;2.744032263;-0.85179263;-0.097136012;0.043290279;-0.039673306;-0.033446551;-0.057467804;idle
9.03;-0.510398843;0.779542289;1.097986212;0.620968298;-1.418894726;-0.431111874;-0.873474028;0.074853439;-0.460428684;0.36181615;0.355904638;0.287076181;-1.335579757;-0.07685921;0.128395513;1.413851933;-0.496564907;3.345098863;-1.06599815;-0.121182941;0.098831802;-0.338971754;0.033557847;-0.163162652;walk-rampascent
9.13;-0.511202748;0.169715065;0.84186387;1.147149929;-3.36207632;1.913304376;-0.748771641;-0.073491932;-0.45259938;-0.881050032;-2.611522262;1.077764135;-0.954470336;0.067822199;-0.134744313;0.953935005;-0.42041545;2.730445288;-0.892553427;-0.086507032;0.173193797;-0.215616805;0.164074016;-0.086221784;walk-rampascent
9.23;-0.821391261;0.002578393;0.78332189;1.010571811;-3.252694846;1.93791288;-0.815587557;-0.196121846;-0.563874636;-0.576973929;-3.834858483;1.257185054;-0.549241832;0.183768359;-0.094744423;-0.15283492;-0.435485361;1.623307356;-0.959018181;-0.106773604;0.214901002;-0.314694284;-0.030800532;-0.074760266;walk-rampascent
9.33;-1.166996047;-0.087990386;0.635665597;-0.131264529;-1.660364501;2.081250773;-0.913973804;-0.111029977;-0.627083815;-1.389481004;-3.265077607;0.525112452;-0.591856407;0.449532502;0.165638336;0.67350141;-0.297517192;0.287572841;-0.927872005;-0.070571575;0.210281942;-0.391128127;-0.100598644;0.282464472;walk-rampascent
9.43;-1.08756727;-0.058447977;0.370779371;0.017334825;-0.563671441;0.758278444;-0.831151412;-0.025505904;-0.478181474;-0.611124073;-0.979177526;-0.066907019;-0.630564952;0.789883203;-0.272657037;0.993302561;0.384112439;0.024672079;-1.067446312;-0.101091189;0.322101912;-0.403436311;-0.018218317;0.335009741;walk-rampascent
9.53;-0.698479044;0.308601313;0.883640947;-0.553219203;1.230546711;-0.372627183;-1.28352266;0.113563871;-0.069491414;0.075227384;1.165888076;-0.054969026;-0.972767711;0.945812671;-0.132074567;0.175063456;-0.467626357;-0.718229007;-1.241968219;-0.143226211;0.324781234;-0.335917398;0.351962302;0.348320443;walk-rampascent
9.63;-0.52325235;0.231521122;0.96385624;-0.234148714;0.293615014;0.053423326;-0.913427332;0.059648946;-0.246378649;-0.252496052;1.513105931;-0.448889819;-0.776128368;0.335307905;0.123479209;-0.749010833;-0.823481336;-1.823737143;-1.230445357;0.144069887;0.133309425;0.024302711;-0.013973782;0.571292106;walk-rampascent
9.73;-0.382541421;0.276208597;0.879653263;0.705221583;0.291736616;0.166015223;-1.010910542;-0.03756367;-0.332411909;0.481995529;0.789415584;-0.071751369;-1.079214196;0.052401729;0.001832648;-0.022075852;0.165545359;-1.420136721;-0.959625577;0.152581791;-0.205106069;-0.515509176;0.006039206;0.654222507;walk-rampascent
9.83;-0.358357026;0.384427461;0.821189088;0.300090246;0.098966336;0.052722657;-0.993859986;0.059174391;-0.267786117;0.26183037;0.108243426;0.127576262;-0.98821016;0.055974431;0.058332283;-0.737707182;-0.060445687;-1.794552706;-0.870567793;0.154093869;-0.011015975;0.078785231;-0.31290002;0.060487564;walk-rampascent
9.93;-0.360202839;0.412386345;0.803982088;0.287724791;-0.023673675;-0.090867578;-0.975709709;0.107411405;-0.183892547;0.385265231;-0.09320478;0.20699894;-0.978451569;0.055592242;0.103712585;-0.639356228;0.16035974;-1.916270376;-0.787636301;0.120964118;0.101746964;0.283908908;-0.081307337;0.047499919;walk-rampascent
10.03;-0.348527715;0.402762384;0.812897249;-0.545977279;-0.336470431;-0.428003094;-0.957936807;0.123803687;-0.114018767;-0.010924517;0.206450695;0.08523794;-0.997745397;0.062144735;0.132972075;-0.395116667;0.001896031;-1.648169255;-0.841507583;0.17354613;0.137997507;0.562871312;0.110216;-0.167576986;walk-rampascent
10.13;-0.342909184;0.342983644;0.864675653;-0.267095995;-0.138992743;-0.251684005;-0.978012906;0.120432544;-0.18275308;-0.07077395;0.683408206;-0.066075113;-0.975800397;-0.057562954;0.084261796;-0.519439197;0.002063466;-1.518226984;-0.959726807;0.189765424;0.191063466;0.582958276;-0.009523706;-0.316316594;walk-rampascent
10.23;-0.377571753;0.312476879;0.886917827;0.026497773;0.265576312;-0.485530675;-1.086378178;0.07128327;-0.345823293;-0.058197836;1.00983781;-0.143286431;-1.012157736;-0.427335083;0.05668969;-0.658854345;0.063161883;-1.246831618;-0.98633019;0.214000183;0.163398351;0.089104979;0.076540594;-0.211116458;walk-rampascent
10.33;-0.43132392;0.272699801;0.901549614;-0.027528023;2.157603856;-0.288140865;-1.182527933;-8.58E-05;-0.362677149;-0.132130625;1.203010042;-0.345855112;-1.077880921;-0.414188759;0.002401917;-0.800646347;0.162157178;-0.706916465;-1.188436535;0.127637816;0.314639718;0.366336448;0.223866973;-0.35965099;walk-rampascent
10.43;-0.619232777;0.34761033;0.72470855;-0.401143635;4.750207805;-0.644960412;-1.152325036;0.126605397;-0.131686948;0.278368425;1.337124641;-0.589393295;-1.165620488;-0.154849076;0.168831889;-0.342598435;0.331235734;0.091609364;-1.182033996;0.093309151;0.273664975;0.382731406;0.2283707;-0.541457163;walk-rampascent
10.53;-1.574205331;0.638517919;0.774328002;1.274715747;5.789680928;-2.248180508;-1.322485617;0.277648051;-0.289187263;1.019132812;2.285912626;-0.187838345;-1.308036387;0.142279855;-0.118544756;-0.691904505;-0.068294733;2.505829759;-1.023990203;-0.109048466;-0.232830084;0.278363298;-0.211308516;-0.389573888;rampascent
10.63;-0.66591467;0.661650286;1.289795805;1.181249903;-2.249471371;-0.888356412;-0.867655306;-0.038246486;-0.371879265;0.694588208;1.010981823;0.32380034;-1.18573388;-0.432179652;-0.027065393;0.166970467;-0.6712722;3.060205227;-0.90232627;0.099498434;-0.0345274;-0.234883791;-0.079281028;-0.28554402;rampascent
10.73;-0.504480059;0.371499639;0.661485175;0.737825027;-4.803536405;1.257068615;-0.658482318;0.053047906;-0.393091918;0.251974396;-2.516308128;0.750646011;-0.996370563;-0.294268968;0.215907517;1.403105245;-0.667290201;2.625262387;-0.818654971;-0.087265119;0.019500565;-0.470031776;-0.043764232;0.090820888;rampascent
10.83;-1.18403542;0.398114529;0.721466193;0.267428907;-3.919598014;2.767362928;-0.993705029;0.000267264;-0.750515957;-1.450911134;-4.25850136;0.760278357;-0.782580753;-0.019491634;-0.081887008;1.645775538;-0.32282548;1.779512975;-0.984646266;-0.134853144;0.101331102;-0.546276576;-0.150263735;0.08906372;rampascent
10.93;-1.221351747;0.155911018;0.715551481;0.262402077;-2.215587624;2.49059821;-1.024883186;-0.030203466;-0.663360736;-1.433429646;-3.600765857;0.67249514;-0.716024967;0.31240451;-0.027996727;0.585931879;-0.469288692;0.515741122;-0.898498054;-0.040311379;0.190050307;-0.365772406;-0.188819817;0.208646842;rampascent
11.03;-1.087151633;-0.036683607;0.570261565;0.232012746;-1.19201654;0.815660901;-0.973884858;-0.077802711;-0.45769775;-0.370709707;-2.124653144;0.562484615;-0.868034717;0.431783065;-0.072841434;1.099979651;0.019124557;0.097754191;-1.088034894;-0.084141762;0.264456028;-0.523906986;-0.186290032;0.302013505;rampascent
11.13;-1.050474218;-0.164505287;0.194514878;0.089452655;0.592633398;-0.468224813;-0.884722261;0.018258326;-0.452442428;0.327276461;0.575620509;0.053848405;-0.929100931;0.628794233;-0.159795624;0.031278231;0.028334116;-0.746004916;-1.220182265;-0.083682406;0.360641339;-0.510749168;0.042946811;0.462090155;rampascent
11.23;-0.598245472;0.490245996;1.336027019;-1.217270745;1.31518546;-0.597567681;-1.262746502;0.103276398;0.039943478;-0.567812903;1.483461516;-0.167001886;-1.10063645;0.215601182;0.084172384;-0.337571863;-0.579407183;-2.017138156;-1.139425439;0.007393901;0.098853192;-0.130524666;-0.012119986;0.383309972;rampascent
11.33;-0.35693303;0.258227273;0.892158148;0.206221898;0.138798187;0.147671353;-0.9906088;0.057083544;-0.15229591;0.32152935;1.026682765;0.06558789;-0.925615787;-0.167791186;-0.066123979;0.202920713;-0.020049731;-1.461823282;-0.896745872;0.171604899;-0.126275146;-0.195635062;0.064242201;0.298448014;rampascent
11.43;-0.330908687;0.332414524;0.849994641;0.342621459;0.103102537;-0.091480067;-0.983340331;0.182261398;-0.12687656;0.508189623;0.582007788;0.089335504;-0.939940954;-0.090580556;0.108520489;-1.092889455;-0.299214318;-1.93172083;-0.880259072;0.095457685;0.031378546;0.305038695;-0.155544484;-0.19470324;rampascent
11.53;-0.338441405;0.368785096;0.845110821;0.162707034;-0.06439486;-0.27433718;-0.972174926;0.223936111;-0.091909387;0.512413207;0.479168109;0.001094253;-1.017949843;-0.08864886;0.194668706;-0.995346513;-0.090301044;-1.533862422;-0.869483265;0.100295843;0.145003424;0.381764623;-0.052728949;0.042345333;rampascent
11.63;-0.339184024;0.36836384;0.851449543;0.109280773;-0.013911903;-0.390023006;-0.987021111;0.162550601;-0.146680574;0.426869249;0.901237513;-0.200624593;-0.974714261;-0.148974954;0.059362093;-1.015742369;-0.124034423;-1.217635912;-0.95534964;0.176478763;0.120171591;0.356989806;0.040529452;-0.153575649;rampascent
11.73;-0.401633835;0.328956219;0.837780944;0.143171622;0.268199051;-0.659420791;-1.019774741;0.06691062;-0.342699371;0.417150721;1.066109395;-0.170882593;-0.889238164;-0.436552627;0.062693598;-0.757268488;-0.025361762;-0.725528484;-0.955081054;0.087633708;0.215103048;0.272716213;-0.174699569;-0.11549265;rampascent
11.83;-0.447970316;0.308334118;0.872937585;-0.19782929;1.614870605;-0.260416725;-1.158718514;0.007686647;-0.38003203;-0.28233931;1.302144495;-0.448750072;-1.053708039;-0.428433727;0.020582908;-0.533421128;0.138643514;-0.546096791;-1.092415219;0.108141667;0.343871201;0.478101613;-0.021747861;-0.266238834;rampascent
11.93;-0.579244129;0.364930838;0.778641154;-0.478238137;4.485237761;-0.374378313;-1.23152159;0.128021821;-0.148356722;0.000442187;1.485951354;-0.730397278;-1.2411257;-0.11023973;0.232558685;-0.426614441;0.386522674;-0.117575872;-1.234268483;0.137980128;0.284397857;0.375433775;0.221249354;-0.154838334;rampascent
12.03;-1.547711359;0.510792381;0.648810765;1.303808082;7.150536268;-1.901344817;-1.329282271;0.146021747;-0.261708466;0.788942172;2.161431454;-0.204566603;-1.290524783;0.094369279;-0.284332214;-0.407584468;0.283251824;2.512556671;-1.032033187;-0.066868791;-0.088502785;0.078221099;-0.185087858;-0.291067175;rampascent
12.13;-0.908236567;0.683528829;1.236825073;1.019833827;-1.965306261;-1.479062818;-0.864061668;0.087515408;-0.468513367;0.368596605;1.037255429;0.298377701;-1.259080446;-0.448855512;0.027238081;0.132848318;-0.6489297;3.142386531;-0.945912393;0.041422093;0.006471427;0.349941564;-0.047302652;-0.287299173;rampascent
12.23;-0.579166223;0.314667058;0.530947119;0.61212268;-4.816460095;1.324072219;-0.555600812;0.095945684;-0.478187614;0.368737815;-2.237355475;0.56188649;-0.983695524;-0.260722719;0.150183111;0.940784283;-0.639861777;2.664792556;-0.804377007;0.011809974;0.051509032;-0.246516866;0.078860808;-0.152742657;rampascent
12.33;-1.099792648;0.346005587;0.499653142;0.221438747;-3.984755698;2.326993805;-0.782489855;0.029160724;-0.742724479;-1.217001986;-4.05515796;0.602993945;-0.7109681;-0.094606825;0.034787719;1.246114919;-0.637926105;1.561195155;-0.938104105;-0.045097716;0.131775277;-0.60606208;0.077200747;-0.057430761;rampascent
12.43;-1.239752199;0.220480643;0.692093256;0.558091102;-2.464351328;1.920568185;-1.036276423;0.005421583;-0.664738166;-0.752455344;-3.908449637;0.863181972;-0.724209783;0.224905281;-0.010059016;0.87808853;-0.330589769;0.231355356;-0.93474005;-0.048724777;0.204775061;-0.521082284;-0.094120702;0.18697424;rampascent
12.53;-1.168511594;0.020461336;0.492004935;0.084510163;-1.507211817;1.397762495;-0.969061919;-0.010656107;-0.443350162;-0.839265072;-2.314264644;0.415100109;-0.88744511;0.430686192;0.038564438;1.030807354;-0.122649593;-0.125757608;-0.98460283;-0.049244695;0.192112628;-0.348575867;0.027496328;0.262861423;rampascent
12.63;-1.140518571;0.009299486;0.170310643;0.305287483;0.315817698;-0.138624564;-0.912623978;0.057232253;-0.467496673;0.187468426;0.45728288;0.126870185;-0.966235483;0.66575108;-0.173253053;-0.016122126;-0.042256614;-0.774540773;-1.271978914;-0.064665267;0.356023829;-0.300815132;0.214941477;0.341482642;rampascent
12.73;-0.440841222;0.270204983;1.383434551;-1.683895947;1.47020235;-0.182117491;-1.267276853;-0.030128772;0.197037294;-1.290782062;1.198508118;-0.227056871;-1.105186081;0.239683429;0.160712722;0.40733495;-0.359570456;-2.190179724;-1.167797572;-0.013557775;0.232081365;0.053984703;-0.131225165;0.327512237;rampascent
12.83;-0.409653717;0.282496773;0.876105008;-0.320260413;-0.103307412;0.037531222;-0.958916043;0.131909086;-0.1087151;-0.125201202;1.039509612;0.133116678;-0.896237871;-0.272212258;-0.132078502;0.06864208;-0.045501738;-1.792451639;-0.77150401;0.143991857;-0.180818673;-0.523899698;0.121734434;0.077833455;rampascent
12.93;-0.325100883;0.255732189;0.886663258;-0.032220848;-0.06544198;-0.087833804;-0.985831541;0.163512497;-0.035324797;0.080487429;0.808542772;0.061121108;-0.988569632;-0.041675119;0.184839579;-0.830881601;-0.191008278;-1.40676966;-0.996657979;0.059000407;0.004012164;0.22546506;0.122926179;-0.035429503;rampascent
13.03;-0.32081258;0.27818248;0.887398994;0.055963929;-0.138848922;-0.214586656;-0.976594903;0.158754208;-0.113577178;0.378185404;0.921683596;-0.078930001;-0.94839815;-0.133292378;0.121391682;-0.761043442;0.02466785;-0.991634159;-0.870044492;0.104025378;0.138781493;-0.002546274;0.261935786;0.026856022;rampascent
13.13;-0.298270422;0.279468507;0.877165328;0.088145776;-0.113867309;-0.213430039;-0.958812981;0.13289716;-0.18911936;0.243969488;1.024175706;-0.200732041;-0.912060148;-0.166122601;0.058951967;-0.531811529;0.165982077;-1.179407747;-0.908514448;0.11538402;0.128992856;0.201539819;0.171444542;-0.001752863;rampascent
13.23;-0.312818783;0.268105765;0.921021237;0.087810922;0.408283391;-0.49820487;-1.121414567;0.094684888;-0.362919491;0.438919015;1.006816269;-0.149617417;-1.000926846;-0.427456623;0.026874146;-0.676947098;0.101771904;-1.370451305;-1.040777035;0.114110824;0.175026215;0.06179827;-0.026384244;-0.166715759;rampascent
13.33;-0.405443276;0.240944682;0.928276209;0.172179285;2.47710577;-0.581414462;-1.223365738;0.003501014;-0.316632941;0.380156967;1.33326322;-0.487281002;-1.123831721;-0.38594397;0.034313173;-0.422286362;0.333938606;-0.50222239;-1.200822287;0.145739782;0.262290996;0.223755358;0.023595133;-0.273072905;rampascent
13.43;-0.624000016;0.347630603;0.73782816;-0.47447332;6.29538845;-0.893889071;-1.293174469;0.06886588;0.050234567;0.511620773;1.815451161;-0.787703471;-1.296928184;0.030468703;0.064825579;-0.465618827;0.441064884;0.666408453;-1.250479866;0.07708559;0.044464169;-0.020290187;-0.101548815;-0.20546754;rampascent
13.53;-1.848505994;0.746139773;1.226007236;1.522746081;3.931793385;-2.679502366;-1.23441848;0.28056426;-0.622358895;0.962228231;2.31282357;-0.130370826;-1.277169206;-0.21763715;-0.200289106;-1.213726817;-0.449270792;3.044614323;-0.908622017;-0.240073171;-0.167335384;0.843040412;0.010814016;-0.297757924;rampascent
13.63;-0.276939072;0.653356486;0.728180726;1.364194458;-3.237881713;0.014096984;-0.627033605;-0.04713714;-0.222639255;1.080936645;-0.01364707;0.932045373;-1.070109832;-0.294370058;-0.078861648;-0.080745529;-0.808967965;2.995699907;-0.883045611;0.035616869;-0.003875873;0.088475316;-0.163220207;-0.12093304;rampascent
13.73;-0.581003586;0.046326256;0.849797708;1.376853416;-4.64951923;1.714691992;-0.743482142;-0.126629603;-0.387898276;-0.392495292;-3.169274784;1.366072342;-0.901968143;-0.235564229;0.133742079;1.601827748;-0.63040357;2.324737356;-0.829133001;-0.081404928;0.079356694;0.020980883;-0.129710402;0.04697219;rampascent
13.83;-1.101630027;0.232924614;0.958927138;0.799995;-3.961372775;2.528974198;-1.118963233;-0.1097596;-0.621234484;-0.957362978;-4.458714098;1.248470175;-0.652311206;0.119847134;-0.220763096;0.793464262;-0.253316375;1.122185793;-0.957056468;-0.09886232;0.158990335;-0.154399053;-0.193826565;0.040541005;rampascent
13.93;-1.24526357;0.105256381;0.820629471;0.573861138;-1.691943793;2.149343697;-1.128542848;-0.069121045;-0.554965272;-1.140696397;-3.696200239;0.823501778;-0.789977893;0.330397237;0.038884049;0.299237593;-0.505800123;0.102833943;-0.955945662;-0.048000709;0.227667139;-0.357755977;-0.227585487;0.322025986;rampascent
14.03;-1.297471148;-0.194783581;0.27228143;0.518904438;-0.792583626;0.687603841;-0.89036016;-0.036210803;-0.50924474;-0.217868092;-1.067498161;0.371625748;-1.01729658;0.670062517;-0.000393349;0.822406062;0.157690592;0.07620128;-1.170052847;-0.08912972;0.371099591;-0.536661901;0.091671013;0.234878246;rampascent
14.13;-0.707580825;0.210835659;0.798400201;-0.96171944;2.19096223;-0.855240558;-1.178855884;0.008709627;-0.050530945;-0.325718568;1.445937058;-0.166251333;-1.043435239;0.542721451;-0.224556111;0.442234061;-0.163071392;-1.512025022;-1.321622422;-0.086653997;0.270893822;-0.40340691;0.58222103;0.271533277;rampascent
14.23;-0.520165306;0.289687505;1.085048979;-1.104040255;0.211746301;-0.107236547;-1.021147598;0.028550529;-0.110593694;-1.091557365;1.452533743;-0.07894449;-0.91051724;-0.133979246;0.114641138;0.404894072;-0.394024267;-1.849071247;-0.822791374;0.085279599;-0.252168162;-0.346772878;-0.171282239;0.276283924;rampascent
14.33;-0.330125288;0.291513378;0.892919638;-0.060813887;-0.102584311;-0.041958914;-1.011698054;2.04E-01;-0.082653528;-0.087308183;1.098811548;0.005380231;-0.965147822;-0.013359175;0.060842281;-0.106896302;-0.172739967;-1.205055272;-0.999058915;0.092028005;-0.0576448;0.093097307;0.061243857;0.099318843;rampascent
14.43;-0.309028269;0.266656305;0.87597816;0.105235664;-0.048524193;-0.045034955;-0.975036827;0.124335351;-0.151954942;0.471025169;0.714778208;0.139558979;-0.91289181;-0.172397132;0.082093372;-1.399408535;-0.310588339;-1.601174969;-0.86553221;0.068245104;0.110185042;0.160555707;-0.055650845;-0.035692086;rampascent
14.53;-0.304167307;0.296242963;0.875114022;0.112195511;-0.023272381;-0.146307177;-0.969055466;0.204699471;-0.124160319;0.538916459;0.595708664;0.021927469;-0.981339567;-0.105457619;0.148827328;-0.674589819;0.083708654;-1.767059409;-0.921031745;0.138016019;0.060126076;0.300104832;-0.198851932;0.015446116;rampascent
14.63;-0.306594738;0.297415567;0.8912528;-0.041596864;-0.136346187;-0.312386362;-0.975336494;0.162850423;-0.205248597;0.262636958;0.952440036;-0.164318603;-0.948232084;-0.263805799;0.046560418;-0.810039674;-0.038603737;-0.982040195;-0.914608577;0.057201937;0.136995203;0.517085802;-0.120075284;-0.118282307;rampascent
14.73;-0.32359224;0.268636027;0.901486189;0.132085856;0.323738142;-0.667419749;-1.042804606;0.091599288;-0.369868431;0.578419692;1.075257638;-0.127408295;-0.950181532;-0.424338238;0.068736561;-0.696003726;-0.070776162;-0.566357876;-0.986071755;0.09681993;0.198003213;0.604661119;-0.139238974;-0.183587492;rampascent
14.83;-0.381552235;0.227688692;0.921397671;0.127445926;2.074946706;-0.369912283;-1.166724022;-0.031065438;-0.399345733;0.232880579;1.223397846;-0.389208852;-1.067896591;-0.359368831;-0.038939158;-0.737386207;0.160003919;-0.627374663;-1.158526808;0.149543467;0.333277511;0.647738217;0.128018374;-0.4406002;rampascent
14.93;-0.59641666;0.349613076;0.743086886;-0.378698711;4.814639822;-0.608417021;-1.18536981;0.139748972;-0.222145737;0.247590645;1.576950259;-0.697163128;-1.168412895;-0.20114081;0.237774317;-0.576136466;0.452751978;-0.024240087;-1.222973039;0.098653643;0.198852508;-0.012745964;-0.104799893;-0.339658636;rampascent
15.03;-1.393164563;0.392528038;0.560269766;0.741125994;6.313152366;-2.00287967;-1.11513258;0.112118304;-0.396004764;1.265870645;1.796803998;-0.210127496;-1.110066962;-0.124681156;-0.2522502;-0.402891918;0.147013413;2.048242224;-0.965690937;-0.08334612;-0.1298315;-0.181658782;-0.226587961;-0.086273871;rampascent-walk
15.13;-0.988516486;0.446421667;1.002034647;2.441140308;-2.077313202;-1.921607887;-0.723287373;0.053248153;-0.52228216;1.07927707;1.247218238;0.213335522;-1.077681094;-0.438711061;-0.0084762;0.426550002;-0.298375329;2.728229642;-0.89243565;-0.036278081;-0.051615463;-0.103553828;0.048253485;0.005841899;rampascent-walk
15.23;-0.420907386;0.332371995;0.417405496;0.820445425;-3.971151735;0.863543965;-0.52501556;-0.080179738;-0.441693297;0.864300402;-1.558213125;0.908978085;-1.057896635;-0.267896406;-0.004366172;0.603851162;-0.345821088;2.385624439;-0.964222307;-0.088453956;0.052225305;-0.277101987;-0.001284511;0.110406997;rampascent-walk
15.33;-0.848085696;0.133655641;0.666515186;0.820881189;-3.402789696;2.327968421;-0.777587833;-0.19076984;-0.627307631;-1.131247921;-3.563008465;1.205026858;-0.797214485;-0.151910668;-0.055759693;0.459356527;-0.674660014;1.350125008;-0.946881342;-0.055027353;0.118689553;-0.357715557;-0.083717486;-0.052598152;rampascent-walk
15.43;-1.123534262;0.215446505;0.823379461;0.632140504;-2.134629261;2.459324242;-1.143057037;-0.083623863;-0.635257771;-1.348649942;-3.892324496;1.166222352;-0.814778617;0.038358471;-0.03126193;0.983110152;-0.301678113;0.173693782;-0.960391681;-0.041478501;0.145331246;-0.480344534;-0.149261011;0.204761924;rampascent-walk
15.53;-1.214669287;0.09015486;0.704504534;-0.189299496;-1.042797353;2.28614159;-1.084846025;-0.022341423;-0.442379793;-1.592739628;-2.812280517;0.592574628;-0.953865099;0.333627779;0.010266057;1.110808022;-0.135490323;0.174627309;-0.940824052;-0.089216709;0.209795851;-0.548399464;-0.237093553;0.186193473;rampascent-walk
15.63;-0.992219094;-0.268918221;0.307189314;0.905656749;0.016009452;-0.065838239;-0.84222196;-0.046990398;-0.318120032;0.352120467;-0.477974754;0.314644511;-0.97947258;0.575287373;-0.305192148;0.33841876;0.228326128;0.149324633;-0.978266876;-0.057783296;0.231973837;-0.32040136;-0.146221931;0.225714599;rampascent-walk
15.73;-0.690945552;0.217089253;0.588922294;0.263666007;0.220347816;-0.587397509;-0.959990436;-0.046424154;-0.158484384;0.844354291;0.459154476;0.07061416;-0.819457839;-0.076734839;0.11641608;-2.319354521;-0.42700139;-1.538253082;-1.074953956;0.023071609;0.35127448;-0.441752874;-0.148625864;0.501482032;rampascent-walk
15.83;-0.425316595;0.561667783;1.203218908;-1.359704099;1.177012361;-0.611022236;-1.255132645;0.274933669;0.36459681;-1.148796921;0.706333031;-0.149532012;-1.329891236;0.379168699;0.236465492;2.096089804;0.406077091;-0.873698955;-1.123276094;-0.044843659;0.242594667;-0.320095958;0.020585603;0.49336095;rampascent-walk
15.93;-0.455489856;0.3161362;0.812798932;-0.156766513;-0.089143067;-0.009847677;-0.932853909;0.123903782;-0.013685699;0.234027356;0.929116441;-0.032447902;-0.863486477;-0.172823482;-0.262929187;-1.062922532;-0.140558461;-1.611389234;-0.930566123;0.131876538;0.13019104;0.047029058;-0.051833795;0.197580827;rampascent-walk
16.03;-0.438913494;0.281459301;0.838003562;-0.16222306;-0.209297686;-0.179707387;-1.003867045;0.144238319;-0.080708354;0.025776308;0.657803783;0.046105279;-0.974023581;-0.267607656;0.208816067;0.05055455;-0.043755495;-0.782893082;-0.931182941;0.134892913;0.017407421;-0.067071776;0.166716805;-0.010876098;rampascent-walk
16.13;-0.408585878;0.284037006;0.846269568;-0.108274402;-0.1934075;-0.13090393;-0.984808301;0.168268697;-0.088753571;-0.17789885;0.385642246;-0.069644158;-0.972592556;-0.204978774;0.008901131;0.4772621;0.204195082;-0.439133078;-1.003331556;0.138126742;0.12270562;0.444387643;0.154256418;0.193205284;rampascent-walk
16.23;-0.40059117;0.246314763;0.858803687;-0.043537915;-0.162938805;-0.15344667;-0.997779704;0.108850652;-0.113514225;0.008923967;0.312549685;-0.036785105;-0.972847064;-0.193525978;-0.007668622;-0.678994701;-0.151937331;-0.542516615;-0.967293853;0.17138573;0.118922552;0.54126727;0.151865283;-0.034814685;rampascent-walk
16.33;-0.392606121;0.25637517;0.857044429;0.001341054;0.002814143;-0.063724012;-0.988920895;0.144780522;-0.135208884;0.349811254;0.220534478;-0.020621607;-0.963811256;-0.282954573;0.086155367;-0.545794725;-0.124314745;-0.478351842;-0.981763337;0.190961422;0.126099793;0.585866396;0.034782986;-0.096379442;rampascent-walk
16.43;-0.391887041;0.256824284;0.861641655;-0.004132269;-0.080633745;-0.13064656;-0.980796523;0.139320784;-0.152678207;0.172587489;0.190880287;-0.074106107;-0.960475628;-0.273594194;0.052297534;-0.237425985;0.057104567;-0.211634953;-0.980007362;0.152909684;0.135513894;0.550609891;0.077820362;-0.16613989;rampascent-walk
16.53;-0.388305294;0.244858295;0.865453544;-0.028833491;-0.055200805;-0.094576563;-0.98570229;0.119170264;-0.184866898;0.087309208;0.229728347;-0.132900037;-0.943136335;-0.285265463;0.082122603;-0.356000779;0.017834429;-0.297358035;-1.01525489;0.19244997;0.114557706;0.497782099;-0.027171164;-0.202803537;rampascent-walk
16.63;-0.390408939;0.231983104;0.867156537;-0.022760611;-0.01146037;-0.065895995;-0.978671115;0.090711446;-0.209771561;0.22685423;0.217515159;-0.18249527;-0.940854383;-0.297228318;0.012573489;-0.2147185;0.157116517;-0.200419173;-0.980861397;0.153700594;0.199395617;0.345710286;-0.174593114;-0.290757303;rampascent-walk
16.73;-0.381209621;0.262842754;0.870303128;-0.03449845;0.028536664;-0.006559609;-0.978842014;0.140054474;-0.197408004;-0.002633734;0.360070028;-0.295465288;-0.955726781;-0.221133734;0.071074195;-0.426994194;-0.024671064;-0.481534597;-0.992372047;0.136503461;0.248931399;0.506767514;-0.348616506;-0.530903799;rampascent-walk
16.83;-0.389887039;0.214807384;0.872406229;0.029440729;0.14393523;-0.120437076;-1.001046196;-0.011866865;-0.316366499;0.194382851;0.31373563;-0.332893053;-0.894840492;-0.542852032;-0.065210491;-0.325351132;0.296635422;0.062124129;-1.019620357;-0.039507969;0.091536224;0.41634663;-0.104465529;-0.328697206;idle
16.93;-0.427360068;0.247941655;0.860574474;0.112718991;0.365652425;-0.309745635;-0.990863196;0.017995474;-0.303464838;0.392218693;0.160277064;-0.23873228;-0.963669865;-0.43436628;-0.099688638;-0.57743431;-0.007751813;0.27773166;-1.009448605;-0.058335807;0.140572264;0.893396307;0.036934138;-0.33255781;idle
17.03;-0.48355822;0.23569467;0.83659005;-0.110810195;0.531894911;-0.397563636;-0.958450411;-0.002346607;-0.298274511;0.469319244;0.235995579;-0.148389636;-0.956259242;-0.310118105;-0.052495729;-1.204430045;-0.289518382;0.819724224;-0.955830767;-0.07721922;0.087655775;1.283121772;0.237925082;-0.545773559;idle
17.13;-0.549927497;0.196264585;0.808738491;-0.213844378;0.079727909;-0.926539013;-0.898571145;-0.014597021;-0.418036587;1.081411355;0.182132807;0.090467698;-0.922546915;-0.291228335;-0.111060403;-0.636178257;-0.259854275;0.809657966;-0.971622626;-0.107761646;0.103936215;1.51215657;0.47739539;-0.454991539;idle
17.23;-0.517991368;-0.059362101;0.941604815;1.584944167;-1.174412763;-2.681096523;-0.93302034;-0.159254292;-0.365338084;2.581534335;-0.277170294;0.777420455;-0.938720773;-0.252475252;-0.208605861;-1.093671807;-0.166524428;0.430514367;-1.033004694;-0.107183555;0.153328054;1.196090034;0.355583643;-0.311241861;idle
17.33;-0.689713413;0.112303529;0.623364032;2.483126266;-1.59692456;-4.679060329;-0.920658818;-0.008097746;-0.348719786;5.094364546;-0.136729982;1.644070059;-0.982719957;-0.019616592;-0.273250291;-2.832168167;0.059492735;0.806114453;-0.989962899;-0.162385884;0.101076961;1.135189235;0.230538656;-0.051819905;idle
17.43;-0.414656791;0.375208274;0.672799371;1.989482925;-0.359401856;-3.736747812;-0.892092081;0.050611311;-0.2633046;3.99406597;0.389547082;1.471588223;-0.8679384;-0.20855807;0.024765519;-3.817021763;-0.348008714;-0.140600814;-0.996144799;-0.137127346;0.109128983;1.115389305;-0.00011991;0.027863495;idle
17.53;-0.276651768;0.339834992;1.014600476;0.594621831;-0.184180196;-0.472825617;-0.992435274;-0.006362527;-0.111898722;0.267693283;-0.500076201;0.482850425;-0.987629004;-0.202656053;0.3391849;-0.939224526;-0.146327629;-0.444209027;-0.991810669;-0.13130389;0.145727093;0.988117163;-0.218289576;0.256898467;idle
17.63;-0.346505455;0.227373042;0.933875426;0.078615349;-0.167889817;0.139165589;-1.112581195;-0.027253761;-0.141845493;-0.579693506;-0.160071804;-0.015866546;-1.088991303;0.171804893;-0.40254968;1.190125174;0.207599741;-0.294527689;-1.069059214;0.049401873;0.105040941;0.774583946;-0.323606603;0.355224202;idle
17.73;-0.385034159;0.230596837;0.872306498;0.102070231;-0.007195518;-0.013539013;-0.978753281;0.026237411;-0.230951898;0.364752143;-0.12121184;0.256281849;-0.980386153;-0.234876749;0.021882729;-1.517302056;-0.495133459;-0.643907193;-0.960517472;-0.043699018;0.166276212;0.929518417;-0.081094506;0.062002896;idle
17.83;-0.381923933;0.259327367;0.871928701;0.07280392;-0.012025975;-0.074324745;-0.984948383;0.090679226;-0.170324313;0.347887331;-0.054668786;0.199230475;-0.998408551;-0.097000607;0.010061134;-0.538308101;-0.190522608;-0.508528966;-0.99242392;0.115430897;0.116311835;0.669640733;-0.146610946;-0.005546779;idle
17.93;-0.382272781;0.245732702;0.870692494;0.003328219;-0.002465678;0.022186859;-0.981531702;0.057236326;-0.208147043;-0.040295023;0.038466173;0.080550736;-0.975981257;-0.244029526;0.002744217;-0.211616221;-0.119429973;-0.190213319;-0.965974924;0.106613172;0.12335154;0.478149674;0.074493358;-0.009810922;idle
18.03;-0.383635316;0.248620311;0.870321419;-0.001581696;0.030260236;0.060658591;-0.983068843;0.070363623;-0.225727059;-0.179511715;0.014898667;0.053796905;-0.96821331;-0.28167757;0.038516273;0.24725718;-0.044877592;-0.037334984;-0.998619537;0.080239253;0.147126546;0.225906373;0.236721956;-0.025291799;idle
18.13;-0.380532484;0.244886757;0.870947454;-0.002885013;0.026735997;0.046724822;-0.983771571;0.072905201;-0.220639312;-0.082317868;-0.061619458;0.062663727;-0.972235473;-0.211011066;-0.021920374;0.127257576;0.003005923;0.022962596;-1.014817565;0.085603074;0.135519777;0.141912764;0.100108331;-0.045926428;idle
18.23;-0.385524842;0.248346888;0.869979536;0.003062554;0.020073419;0.030245204;-0.980160439;0.080050935;-0.216992288;-0.054072141;-0.078704568;0.056256356;-0.963381889;-0.241009203;0.04448715;-0.054412574;-0.066422031;-0.048703383;-1.000977159;0.060872912;0.131224072;0.118096313;0.014505806;-0.072132263;idle
18.33;-0.382632451;0.252355019;0.867699849;-0.001544616;0.002306897;0.007190838;-0.978464627;1.01E-01;-0.191814613;-0.015943797;-0.050245432;0.023899368;-0.976715803;-0.186360739;0.041737675;0.062973357;0.033663246;-0.073672887;-1.005780237;0.071980189;0.13685098;0.035654616;-0.012352008;-0.01735848;idle
18.43;-0.383811234;0.252282903;0.867921557;-0.02399993;-0.023672617;-0.008523846;-0.979580659;0.094787816;-0.210907658;-0.076415605;0.013911041;-0.033924858;-0.961616833;-0.244190189;0.039796859;-0.063022528;0.068505311;-0.135476974;-1.000891258;0.061624341;0.150062499;-0.060966587;-0.026100511;0.011906162;idle
18.53;-0.382768166;0.246598243;0.872024442;-0.026039288;-0.015578421;-0.00737977;-0.983579334;0.081111274;-0.217105648;-0.057924021;0.004586289;-0.04859758;-0.963348075;-0.264437505;0.020033969;0.083756937;0.116589983;-0.027707304;-1.001415377;0.050839242;0.133829432;-0.101971143;-0.109200512;0.024845127;idle
18.63;-0.380212056;0.241841348;0.872056318;-0.019180575;-0.015523008;-0.015781314;-0.982182821;0.072182696;-0.222489374;-0.016278441;-0.018576935;-0.037474392;-0.957390263;-0.269056433;0.002196126;0.034249495;0.100065764;-0.039603674;-0.993157698;0.031735976;0.153870714;-0.045509886;-0.033044647;0.027768814;idle
18.73;-0.37745995;0.242843;0.874266663;-0.007165541;-0.010456044;-0.021231399;-0.98104806;0.07333555;-0.216858388;0.017093758;-0.038220597;-0.02350745;-0.959120005;-0.268679044;0.001046785;-0.025906189;0.071930334;-0.044172622;-0.999284127;0.037301667;0.152686754;0.045850735;-0.088907354;0.031811953;idle
18.83;-0.378552527;0.240443689;0.874679322;-0.005900341;-0.008576327;-0.019560827;-0.982675359;0.068055412;-0.217912682;0.022313879;-0.036813437;-0.016800072;-0.960909029;-0.270316893;-0.009060169;-0.04535577;0.058741276;-0.006987263;-0.99159714;0.04577143;0.156697245;0.078870402;-0.02239241;0.000655315;idle
18.93;-0.379049656;0.238843279;0.87516898;-0.000414003;-0.003389449;-0.017890485;-0.980394989;0.068732067;-0.219479059;0.042641515;-0.053467164;-0.006823221;-0.955303064;-0.27365645;-0.001055471;-0.081741149;0.012380359;-0.026267135;-0.993002252;0.046191985;0.163702343;0.132079337;0.007349173;-0.026422495;idle
19.03;-0.380307415;0.240225483;0.875388835;-0.000508311;-0.00692196;-0.024880597;-0.981706779;0.067694686;-0.214810766;0.054908906;-0.045496209;-0.010961698;-0.95901975;-0.268079056;0.002826591;-0.008247386;0.022074846;0.038340376;-0.994177027;0.047792057;0.157850905;0.153210815;-0.013561176;-0.045697208;idle
19.13;-0.380545715;0.238116279;0.874526802;-0.002642742;-0.012723268;-0.037819469;-0.980322234;0.064247201;-0.209600019;0.079913482;-0.032705887;-0.009112375;-0.960474163;-0.252847762;0.000408169;-0.017469268;0.004660381;0.067592;-0.996927058;0.044092469;0.162186278;0.095778944;-0.021380038;-0.058939823;idle
19.23;-0.379242615;0.238037194;0.876338349;-0.005619452;-0.008678897;-0.013920767;-0.985012623;0.055733685;-0.227781512;-0.011171152;-0.031123359;-0.008938971;-0.953514311;-0.280131552;0.015067427;0.046059043;0.029026275;0.069431245;-0.991000371;0.047117224;0.167171989;-0.004955829;0.044722443;-0.073172012;idle
19.33;-0.379798851;0.235905342;0.876697053;9.49147E-05;0.006444085;0.007002194;-0.984139841;0.059752389;-0.219260075;-0.046570296;-0.109072635;0.00744893;-0.95410551;-0.263231358;0.004461492;0.120077621;0.104189432;-0.052188942;-1.002420111;0.032589763;0.172193381;-0.112376957;0.016242017;-0.013548875;idle
19.43;-0.379945248;0.237845137;0.875663037;-0.001802003;-0.001700139;-0.001762681;-0.981258615;0.065982026;-0.197713377;-0.012559607;-0.105114126;0.005174351;-0.963801916;-0.243729374;0.003356336;0.080001241;0.0853272;-0.07254205;-0.997037038;0.024077767;0.164449843;-0.113523701;0.019888673;0.000902497;idle
19.53;-0.379935553;0.237411632;0.874378237;-0.005525557;-0.011244701;-0.019520893;-0.983623679;0.064018016;-0.192162391;0.030060063;-0.052763791;-0.011467811;-0.967200514;-0.245043206;0.007929719;0.068148005;0.070479425;-0.035033358;-0.998382633;0.026982115;0.158911669;-0.095919056;-0.009845427;0.005211764;idle
19.63;-0.37892836;0.234234754;0.876928784;-0.005764758;-0.01105321;-0.023033128;-0.982538478;0.058384009;-0.196709716;0.028822843;0.015705142;-0.020688049;-0.961511145;-0.262912658;-0.003688418;0.075254616;0.091308466;0.047319245;-0.993342682;0.02865;0.169329047;-0.134709049;-0.017808053;0.004032363;idle
19.73;-0.378381304;0.234030855;0.877266574;-0.004187926;-0.008199634;-0.017279817;-0.98479939;0.052325841;-0.214810986;0.004777117;0.005142294;-0.01944709;-0.952119214;-0.280483047;0.002033136;0.048426236;0.099991666;0.015733562;-1.002688258;0.028548571;0.170290649;-0.193567122;-0.022202875;0.011927907;idle
19.83;-0.378011693;0.234149686;0.877667024;-0.001900833;-0.01087855;-0.024421605;-0.98243909;0.054955691;-0.208541448;0.017470495;0.002819743;-0.019922079;-0.964040136;-0.256029106;-0.001786324;0.12501379;0.131830445;0.032564835;-0.996807528;0.025042678;0.164895939;-0.248411682;-0.019855469;0.021194366;idle
19.93;-0.377616415;0.233109065;0.878346163;-0.003513005;-0.016827278;-0.045508668;-0.981476894;0.051210129;-0.214306287;0.077711866;0.029103984;-0.031277805;-0.961551662;-0.252104549;-0.016532832;0.015251121;0.124326304;0.037359208;-0.998110534;0.033527315;0.164210622;-0.270925746;-0.025098749;0.031596831;idle
20.03;-0.377101638;0.231824034;0.879139251;-0.009895557;-0.01653817;-0.027488529;-0.983398173;0.044225367;-0.233982308;-0.002725969;-0.001462029;-0.043597259;-0.95171698;-0.287775481;0.000152972;0.018008188;0.137563771;-0.014857008;-0.997814885;0.047656118;0.154114384;-0.382998463;-0.012916567;0.03790277;idle
20.13;-0.376125374;0.228546899;0.879625562;-0.021261606;-0.001732597;-0.002235678;-0.980427227;0.037548417;-0.22668599;-0.079733829;-0.042627366;-0.061272481;-0.95856498;-0.272099022;-0.024087273;0.232876512;0.212122439;0.033736989;-0.990720075;0.022925715;0.16713335;-0.412557806;0.040710558;0.041366233;idle
20.23;-0.374567224;0.227585341;0.88143839;-0.010736597;-0.014079624;-0.029870911;-0.98249312;0.036069862;-0.222704932;0.040035824;-0.049226914;-0.053720637;-0.962051003;-0.256755126;-0.045281381;0.097809111;0.158544636;0.050192471;-0.995490601;0.028969799;0.151771824;-0.403761344;0.003527373;0.034592681;idle
20.33;-0.373318461;0.223977246;0.881859829;-0.015703686;-0.011946159;-0.025456455;-0.981562156;0.028181628;-0.210357695;-0.006596927;-0.019982885;-0.075404443;-0.966591568;-0.239963774;-0.028437481;0.175801908;0.217477885;0.120939496;-0.997531951;0.054064708;0.159922208;-0.510226752;-0.01352964;-0.005522416;idle
20.43;-0.371983098;0.223703223;0.882539695;-0.033670799;0.025137382;-0.014480146;-0.98972909;0.033108118;-0.208854738;-0.086945453;0.103787397;-0.178050627;-0.995653457;-0.187027874;0.004688538;0.49160088;0.305252902;0.2367458;-0.998295695;0.054996514;0.152587182;-0.826041144;-0.015799768;0.025062989;idle
20.53;-0.3892398;0.207333423;0.927715999;-0.427034063;0.361747178;-0.20539963;-1.032269021;0.047201248;-0.092907837;0.081101208;0.483053005;-0.545618687;-1.09222621;0.074285535;0.081454761;1.504588295;0.469144704;1.241845882;-0.972133599;0.024373377;0.114883318;-1.261483287;0.036682256;0.126657019;idle
20.63;-0.28512798;0.915412496;0.89648397;-2.469063418;1.358532859;2.736250438;-1.111129615;0.138458613;-0.189110373;-2.539618704;0.877082659;-1.783514547;-1.091346012;-0.128192788;0.040710048;1.904266452;0.19959378;1.354709994;-1.024730465;-0.085028877;0.191579277;-1.48892416;0.191280632;0.258616641;idle
20.73;-0.110696942;0.281670201;0.967931037;-2.871297853;0.142997943;5.42786608;-0.923255149;0.031315728;-0.171569591;-5.52385101;-1.348976748;-2.173455081;-0.882045458;-0.533861559;0.276541525;3.811548913;-0.211072736;-0.073247114;-0.99093502;-0.081779559;0.198759835;-1.746230496;0.160303507;0.216466654;idle
20.83;-1.061605053;0.766273131;0.415543738;-2.735805241;0.352058439;6.483234078;-0.901038241;0.378110002;-0.588513358;-6.840072087;-1.741644927;-1.924798188;-0.905078182;-0.314070153;-0.358651867;6.003232007;0.320633462;-0.57686397;-0.964244629;-0.043478653;0.090115412;-2.440585749;0.146371314;0.653228716;idle
20.93;-1.126601156;-0.263108391;0.67775367;-0.374441293;0.426847762;1.559113886;-0.82001801;-0.161515797;-0.784489689;-1.657443328;-0.476850404;0.12752729;-0.881815237;-0.091200229;-0.603514494;1.568616087;0.407457602;-0.122825876;-0.953441046;-0.0859466;0.100964328;-2.654100158;0.424644488;0.499853265;idle
21.03;-0.344178992;0.334169558;0.920130115;0.157361337;-0.004980953;0.206437493;-1.076992172;0.116967482;-0.169824436;-0.316275418;-0.151389117;0.502048915;-1.11997134;-0.23697844;0.284861264;0.184205952;-0.272861059;-0.660055178;-1.122901549;0.210465529;-0.000320029;-3.123460667;0.376782466;0.610067352;idle
21.13;-0.396726657;0.233244422;0.870867201;0.05889939;0.040613557;0.124569791;-0.999390834;0.049787449;-0.198527362;-0.203992466;-0.257343768;0.301682742;-0.972681235;-0.179294625;-0.007538645;1.846973182;0.710633633;-0.227760619;-1.016547557;0.170982834;0.082068527;-2.420280133;0.298648068;0.2500647;idle
21.23;-0.388447647;0.240447718;0.86497153;-0.037546637;0.011725093;0.142115015;-0.962524378;0.08893603;-0.095053616;-0.451174396;0.028311244;0.093387773;-0.978486887;0.010887156;-0.053160213;0.585316222;0.168014885;-0.769225683;-0.936040188;0.15558564;0.046092487;-2.345230005;0.005991586;0.223063399;idle
21.33;-0.391648348;0.229114131;0.878763778;-0.103907398;-0.038437505;0.070341388;-0.979547002;0.11573245;-0.198471315;-0.420450906;0.407140811;-0.14878618;-1.013126909;-0.28354149;0.149224633;1.29805461;0.163046735;-0.010358999;-1.011901796;0.190903015;0.081070846;-2.066574106;0.028417666;0.087575639;idle
21.43;-0.381921869;0.228402935;0.882544042;-0.137201331;-0.073067523;-0.039378501;-0.973863345;0.085798029;-0.258045386;-0.286381312;0.424216731;-0.426917273;-0.978943366;-0.254512733;0.138412283;0.734788191;0.635416031;0.472938874;-0.975573064;0.229724204;0.077756923;-2.124196489;0.016793315;0.222509245;idle
21.53;-0.362992299;0.216630257;0.919166902;-0.255372727;0.199059844;-0.266325976;-1.035483713;0.039121958;-0.212925863;0.130617755;0.676076792;-0.699675794;-1.028868832;0.04435841;0.029188217;1.84122335;0.891627838;1.304481172;-1.033970339;0.032783212;0.05781683;-1.968093151;-0.063951405;0.08562823;idle
21.63;-0.3529237;0.291850931;0.962393803;-2.296629544;1.371527942;1.086724356;-1.050614297;-0.127418642;-0.355295569;-1.285174639;0.762347931;-1.746559262;-1.10061325;-0.195508084;-0.074816109;1.93511802;0.61544536;1.53521529;-0.996798046;0.060558518;0.17559363;-2.085164672;-0.051839294;0.321709154;idle
21.73;-0.661388888;-0.219943633;0.579303555;-0.715146048;0.61951452;1.185216046;-0.515353012;-0.332395359;-0.737303249;-1.621448499;-0.127682703;-1.082582241;-0.797917545;-0.549471113;-0.184918536;0.733183687;0.085391496;-0.320993823;-1.039492369;-0.113508551;0.141329368;-1.803593082;-0.078658962;0.15517661;idle
21.83;-0.542716325;0.181596458;0.841685031;0.567874581;-0.323075379;0.413668207;-0.970140155;-0.107121965;-0.360721928;-0.369630358;-0.456412891;0.046249385;-1.044009578;0.003909548;-0.383067551;2.311753702;0.375072065;-0.362363035;-0.947188089;-0.061342489;0.140670342;-0.861666547;0.151230268;-0.025133943;idle
21.93;-0.529005943;0.182778691;0.828641367;0.17715095;-0.139634996;0.029907842;-0.930782427;-0.120097137;-0.377384814;0.141106708;-0.072280137;0.234680132;-0.99101539;-0.054802314;-0.334367371;-0.745413163;-0.124429253;-0.118305947;-0.992600624;-0.060828531;0.119412798;-0.094154355;0.227231995;0.087031533;idle
22.03;-0.536928191;0.199565385;0.789479883;0.551346451;-0.498142061;-0.535967585;-0.836078578;-0.083788599;-0.463469287;1.25117187;-0.199238688;0.885794031;-0.932800174;-0.23779955;-0.201966315;-1.797901322;-0.453342073;-0.089316523;-1.041377063;-0.192995188;0.119191517;1.458816009;0.094690192;-0.28252622;idle
22.13;-0.421516584;0.002492878;0.883210894;0.88222756;-0.798723697;-0.202344915;-0.929669295;-0.312062518;-0.366081094;0.933852871;-0.411539324;1.098211139;-0.94354998;-0.266682481;-0.066035133;-1.592000474;-0.638172913;-0.422528652;-0.991191439;-0.194243404;0.028540945;2.767034734;-0.037529201;-0.432553945;idle
22.23;-0.395505236;0.310015105;0.8853057;0.190821975;-0.00748453;0.409244982;-1.039501746;0.062965668;-0.282900396;-0.551370588;-0.274625767;0.613577662;-1.06702631;-0.058811858;-0.113552425;-1.400987913;-0.799166857;-0.57441441;-1.057750933;0.06989701;-0.044022516;3.195792417;-0.227168639;-0.497424246;idle
22.33;-0.423166844;0.285303047;0.86320577;0.199921892;0.101896073;0.000468189;-0.975434527;1.24E-01;-0.350705739;0.385609546;-0.448641486;0.55501298;-0.978554188;-0.265669608;0.323091917;-1.337770148;-0.71455352;-0.177227843;-1.040880288;0.13092062;0.081352556;3.548400289;0.010704501;-0.559516191;idle
22.43;-0.427839211;0.260910015;0.84688364;0.24549487;0.084709526;-0.069892416;-0.963663672;0.087911636;-0.269827257;0.769604547;-0.53330931;0.2760091;-0.960120775;-0.159468833;0.080533225;-1.467617322;-0.35611088;-0.19970964;-0.950793402;0.200538538;0.065697474;3.132300241;0.180520816;-0.299737632;idle
22.53;-0.4308251;0.307247169;0.821492573;0.158214484;0.009185743;-0.102532463;-0.960804745;0.136662618;-0.167359355;0.782919966;-0.278076288;0.032215666;-0.987033942;-0.07495135;0.275873825;-1.932436595;-0.462862071;-0.090137905;-0.995990622;0.103656098;0.028982754;3.073856046;0.251064801;-0.457261843;idle
22.63;-0.436574745;0.299275515;0.837015641;0.068041397;0.078392677;-0.037665302;-0.997962317;0.069310796;-0.231597209;0.456402772;-0.035449728;-0.290608294;-0.960885189;-0.21453429;0.094243435;-1.566881397;-0.197331532;0.233331683;-0.949549961;0.141432091;0.030302458;2.836838635;0.343451463;-0.228715948;idle
22.73;-0.551868064;-0.136245671;1.100579431;1.22395753;-1.203941916;-2.474567051;-1.037775496;0.173237133;-0.254961022;1.993564274;-0.3670989;0.074133291;-1.029233094;-0.307416788;-0.00084325;-1.768494602;-0.35533638;0.271375073;-1.141667789;-0.020857803;-0.063608391;2.966056996;0.369716172;-0.142617595;idle
22.83;-1.683253032;0.097171929;0.239561431;2.811661614;-3.052718924;-9.181498462;-0.825409382;-0.079562248;-0.705900892;9.207483473;0.047864409;1.663310102;-0.943810632;-0.226594151;-0.507563034;-5.568470344;-0.001256717;1.18710055;-0.992565876;-0.235567848;0.006240695;2.304634469;0.0493113;-0.14449342;idle
22.93;-0.897113177;0.747357131;0.527292178;2.597490169;-0.588796342;-6.876151265;-0.928706146;0.23990867;-0.369921461;6.958121737;1.101710735;1.407311132;-0.839497757;-0.577776502;-0.174558518;-7.022820097;-0.693348914;0.186267861;-0.983703614;-0.094869808;-0.091325359;3.044892742;-0.063238794;-0.162855917;idle
23.03;-0.174453435;1.048515177;0.759945634;2.682992158;-0.481894554;-4.028151894;-0.936600827;0.377545052;-0.168702207;4.622773853;0.078217632;1.626433422;-0.925731119;-0.509523783;0.526391563;-4.393436015;-0.216578106;-0.225104253;-0.982502517;-0.179877278;-0.06043786;2.778501279;-0.073067813;0.009356802;idle
23.13;-0.32557362;0.281680482;0.99481314;0.261749898;-0.486785601;0.13192073;-1.188185156;0.099358739;-0.003964254;-0.439330768;-0.679542608;0.446665346;-1.197885811;0.271460148;0.109299033;0.944914486;-0.030606259;0.17407144;-1.011202351;-0.075687818;-0.048449691;2.482051607;-0.077505574;0.005857119;idle
23.23;-0.421499567;0.238857619;0.865207097;0.127363376;0.019937928;-0.017698221;-0.941568331;0.031998642;-0.260415185;0.300014793;-0.198749704;0.330723145;-0.928831021;-0.229201279;-0.124616323;-2.297095125;-1.077288642;-0.713922167;-1.062913544;0.07342421;0.008988049;2.384057619;-0.141386579;-0.016452761;idle
23.33;-0.399801366;0.255083956;0.867442758;0.020665181;-0.004798514;-0.11020982;-0.988721289;0.122578031;-0.212199176;0.454923136;-0.321023745;0.187851491;-0.982600896;-0.107059435;0.280960096;-0.326820929;-0.010795895;0.005043211;-1.035954193;0.17848853;0.043500813;1.896454414;-0.092703439;0.046242924;idle
23.43;-0.389038329;0.264616438;0.849879256;0.062499119;-0.021896259;-0.074294178;-0.973798924;0.108473517;-0.127079552;0.560681832;-0.285955082;0.082141185;-0.987601935;-0.047549882;0.071981516;-1.080743354;-0.111161754;-0.207858019;-0.957742282;0.107781245;0.13162364;1.665005894;-0.122696761;0.067303775;idle
23.53;-0.399702564;0.257933608;0.870702485;0.001090717;0.013170094;-0.039877538;-0.987856724;0.118216367;-0.131243047;0.218937373;-0.070821026;-0.148857553;-0.995782457;-0.081189848;0.125552234;-1.107766192;-0.119228801;0.093750033;-0.98828327;0.097776884;0.043869252;1.609762132;-0.158175394;-0.205223686;idle
23.63;-0.465184272;0.148101673;0.968747277;0.155877614;-0.100547089;-0.156585573;-1.02727459;-0.005292596;-0.217608536;0.213144915;-0.245453172;-0.256932591;-0.981780177;-0.221149528;0.034398718;-0.658596057;0.105688162;0.068743799;-1.021161977;0.037316427;0.07952811;1.586829509;0.054513233;-0.128424641;idle
23.73;-0.551725742;-0.4666592;1.026697461;1.135635246;-1.51051236;-3.198424771;-0.996067958;-0.305028862;-0.128227795;2.590980785;-0.02300954;0.037574221;-1.077908475;0.05305553;-0.246688499;-1.402188788;0.189250653;0.64138807;-0.991628082;-0.036768736;0.133749895;1.350744648;0.564334821;-0.142950521;idle
23.83;-0.707603742;0.635156029;0.546513599;1.960864257;-1.229015487;-5.659628149;-0.942224074;0.157850825;-0.313055806;6.112157013;0.12403565;1.022590929;-0.937956119;-0.230908932;-0.500803936;-4.949715195;0.267130145;0.908327188;-1.016799358;-0.071476199;0.021748998;1.281091401;-0.335198491;-0.100563529;idle
23.93;-0.332749289;0.449176133;0.522653853;0.642214929;0.170362886;-1.598733335;-0.899428012;0.160049293;-0.200038337;1.518917482;-0.444273726;0.437386033;-0.806272977;-0.350137719;0.687736954;-2.540215841;-0.656906677;-0.378168197;-1.024856554;-0.070391518;0.232364414;0.774580286;0.141198837;0.113397486;idle
24.03;-0.513081898;0.389472495;1.1158872;0.369788056;-0.078319221;0.069511301;-1.093786146;0.097654819;-0.036560392;-0.198553369;-0.390310758;0.120906289;-1.184085422;0.156374901;-0.111382156;1.784925844;0.866377776;-0.206240139;-1.026349877;0.030236841;0.015230123;0.780708925;-0.56081853;0.201754642;idle
24.13;-0.381706498;0.252978396;0.864772542;0.11285154;-0.047754849;-0.017086833;-0.953955644;0.059807952;-0.035640523;0.120442632;0.178589745;0.168159128;-0.938486718;-0.025876924;-0.262611472;-1.884940557;-0.535830695;-0.821919385;-0.985390942;0.028270463;0.151889954;0.265506674;0.033045342;0.186797718;idle
24.23;-0.39605155;0.272312723;0.87069933;0.053737406;-0.019189183;-0.038924085;-1.009654263;0.10757982;-0.149909384;0.135948524;0.200714076;0.17834608;-0.991553075;-0.250786979;0.207362425;0.152807378;-0.134015669;-0.165953528;-1.02745362;0.108369772;-0.018337922;0.306802908;-0.488695247;-0.067530191;idle
24.33;-0.389556576;0.257288051;0.864468951;0.035834837;0.065964193;-0.025186598;-0.993975365;0.08305097;-0.150267678;0.203748972;-0.035217191;0.185085143;-0.980483399;-0.195164201;-0.017859936;0.701768918;0.100751046;-0.052092283;-0.86335558;0.185072766;0.210283019;-0.268939405;0.585035482;0.145030926;idle
24.43;-0.398830485;0.266742183;0.866767562;0.031157221;0.056682221;-0.0289046;-0.995360118;0.131073591;-0.115728602;0.05461171;-0.011387237;0.029818899;-1.016342585;-0.0666576;0.110454389;0.249879009;-0.01591925;0.017874269;-1.110522903;0.107029616;0.034043711;-0.120209573;0.203483302;0.093823748;idle
24.53;-0.396761667;0.271615444;0.850059297;-0.001941354;-0.00352533;-0.033310256;-0.984843887;0.098065563;-0.137404142;0.006445994;0.016526962;-0.036341766;-0.979142402;-0.106941295;0.012949963;-0.177362299;0.042677203;-0.05012794;-0.939752002;0.137990117;0.127940874;0.083154181;0.002340342;-0.053692468;idle
24.63;-0.400119598;0.257840841;0.865286325;0.004428912;-0.021291627;-0.046689315;-0.993495527;0.102956834;-0.127265408;0.229891003;0.034773699;-0.012193232;-1.003637541;-0.10010293;0.048518648;-0.260934539;-0.013931712;-0.12798993;-1.043695735;0.094961662;0.129755825;0.317598481;-0.194800502;-0.214645274;idle
24.73;-0.397086619;0.276575267;0.853608289;0.042577913;0.008037209;-0.032579243;-0.987737687;0.109899266;-0.152984851;-0.045855628;0.101749361;-0.134849259;-0.983877541;-0.140111165;0.108433026;-0.188994384;0.064901272;-0.101129486;-1.012306111;0.124918264;0.106501109;0.299485986;-0.280041976;-0.232090737;idle
24.83;-0.404070272;0.263748772;0.858921083;0.06744328;0.002101947;-0.03754918;-0.989599118;0.070581272;-0.177826173;0.076986291;0.035311252;-0.161820234;-0.966135146;-0.190732313;-0.003739896;-0.363717062;0.155393966;-0.059659693;-0.988344415;0.055520022;0.138136985;0.147742743;-0.106636238;-0.094226123;idle
24.93;-0.400888519;0.270642191;0.863004697;-0.004628106;-0.00040495;-0.019360808;-0.992573028;0.064830258;-0.137648719;0.04659454;0.041344133;-0.178888102;-1.021366586;-0.119525222;0.026607129;-0.250545181;0.121354412;0.018527897;-0.995604131;0.023809115;0.129506525;0.078114788;-0.131830436;-0.165709003;idle
25.03;-0.397834949;0.315407774;0.90090425;-0.046150715;0.216265038;-0.220462445;-1.06021565;0.113635935;-0.12883984;0.196500735;0.32842356;-0.175875769;-1.097395523;-0.085048358;-0.026834126;-0.025310924;-0.093189084;0.241224691;-1.015829064;-0.073094258;0.138309052;0.187020825;0.053097614;-0.175130339;idle
25.13;-0.33129691;0.342832774;0.729904364;0.920290642;-0.589222308;-0.922094912;-0.876729869;0.021447833;-0.250361139;0.867971072;0.015538117;0.376970829;-0.811036412;-0.278879686;-0.023979889;0.244669007;-0.019424382;0.281211565;-0.990353103;-0.058304197;0.17264874;0.161541231;0.137413108;-0.054443375;idle
25.23;-0.481983423;0.138839358;0.949766755;-0.439678904;-0.082791687;-0.102068231;-1.040136695;-0.084562451;-0.27104594;-0.18644656;-0.322494005;0.178952498;-1.035550581;-0.16042822;-0.062065692;-0.623246859;0.059123347;-0.200729223;-0.945825797;-0.050821146;0.155882433;-0.036440166;-0.081031098;0.249163269;idle
25.33;-0.407682943;0.239754917;0.87149419;0.03356155;-0.05291345;0.094639045;-0.964250098;0.066807234;-0.148026855;-0.130277142;-0.161537479;0.114771487;-0.972127542;-0.14297766;0.025825966;-0.37651575;-0.006432829;-0.814518809;-1.037679024;0.043965458;0.111801066;0.072100635;-0.121216713;0.213732533;idle
25.43;-0.384067441;0.268720788;0.866983627;-0.009526308;-0.016647536;0.038031773;-0.98728793;0.100025901;-0.16291796;0.005235175;0.005726969;0.101020094;-0.995179583;-0.188531172;0.025188225;-0.029811235;-0.036823604;-0.184610339;-0.999678127;0.050047108;0.127857102;0.082440241;-0.013058939;0.054312066;idle
25.53;-0.383723969;0.266603351;0.867069191;-0.002292165;-0.006827691;-0.026434481;-0.980503398;0.104305776;-0.162338098;-0.032942625;0.094291421;0.055072088;-0.978336396;-0.235057678;0.03978268;-0.002610449;-0.059732211;-0.06056666;-0.988666011;0.053304927;0.151477944;0.182388513;-0.089406621;0.011298105;idle
25.63;-0.384649201;0.246151431;0.86856433;0.003424165;-0.006230703;-0.006177305;-0.986494978;0.064854471;-0.208463197;-0.15016938;0.082609114;0.066950706;-0.955990385;-0.240777699;-0.008137188;0.081734507;-0.065655468;-0.105645101;-0.989706616;0.051487259;0.184465913;0.158868731;-0.043493777;0.011285328;idle
25.73;-0.385759372;0.25789305;0.867381681;0.011876814;0.003325825;0.038426677;-0.978612026;0.096447804;-0.203370064;-0.053452278;0.074103657;0.106384315;-0.951827552;-0.26061311;0.029463909;0.017894822;-0.057539697;-0.158033108;-0.994837279;0.038538629;0.161205817;0.113599563;-0.071297745;0.024925235;idle
25.83;-0.386071485;0.265414081;0.866374064;0.058269658;0.030010095;0.04744487;-0.977783504;0.116614873;-0.225093693;0.061960919;0.027339582;0.162202472;-0.942723447;-0.29771002;0.056321111;-0.036999393;-0.026254217;-0.181713467;-0.98607487;0.113533542;0.148879241;-0.088950663;0.05025572;0.092926744;idle
25.93;-0.385836856;0.2765601;0.866071079;0.018212243;0.006672639;0.030020346;-0.977508132;0.140551213;-0.222829996;-0.00911947;-0.026370938;0.104110163;-0.944957087;-0.299938241;0.078988506;0.180719545;0.053276237;-0.133363223;-1.000677375;0.084054593;0.167053855;-0.203517252;0.089422979;0.150661223;idle
26.03;-0.386956852;0.276680127;0.863839481;0.031034406;0.021488396;-0.013454882;-0.970670037;0.151967165;-0.203072656;0.092546954;-0.000309638;0.064202653;-0.958103584;-0.257662058;0.084029905;-0.138211173;-0.019367683;-0.189666891;-0.992519311;0.117936301;0.220982897;-0.152289934;0.05031784;0.168338958;idle
26.13;-0.390110544;0.274234109;0.861574411;-0.015287308;-0.020070297;-0.005596314;-0.970361771;0.147684843;-0.218753131;-0.012634541;0.096421333;-0.034839048;-0.942817812;-0.29041906;0.084811494;0.017599372;0.119066221;-0.145790237;-0.976074173;0.130495496;0.210450696;-0.143320046;-0.048980172;0.145400183;idle
26.23;-0.385864571;0.272213735;0.862666632;0.02362104;0.022390572;-0.083928972;-0.966350771;0.138184773;-0.225133462;0.151816387;0.1324905;-0.032811068;-0.942345597;-0.308327525;0.043883067;-0.071269917;0.054578201;-0.25059956;-0.965034222;0.123078369;0.22218274;-0.030641696;-0.085249207;0.052190605;idle
26.33;-0.397160455;0.273753089;0.859806921;0.02225643;0.02022224;-0.047343435;-0.965946651;1.25E-01;-0.265876648;0.025631734;0.228622789;-0.101163841;-0.918608128;-0.353321195;0.081880184;0.110984107;0.082976047;-0.264352392;-0.96350092;0.144724925;0.239167886;0.080942705;-0.055119339;-0.047400118;idle
26.43;-0.39598044;0.268403043;0.859337803;-0.033417805;-0.027193517;-0.075197669;-0.952754534;0.11977062;-0.284172127;-0.001846811;0.258998891;-0.143952346;-0.901589864;-0.339922801;0.046493868;0.265463695;0.13336372;-0.221213109;-0.95324747;0.111561572;0.245231042;0.094957653;-0.051997664;-0.055822015;idle
26.53;-0.385527111;0.261995569;0.867433599;-0.064203844;-0.077352061;-0.101201398;-0.947743061;0.103867605;-0.278094794;-0.032142218;0.451104717;-0.202006624;-0.920551353;-0.266636212;0.048811533;-0.20465573;0.020186047;-0.500298623;-0.92867028;0.091886542;0.294733103;0.184840735;0.038339148;-0.322549695;idle
26.63;-0.393579221;0.247598826;0.876833036;-0.034437803;0.001084503;-0.170067002;-0.983437409;0.064353131;-0.396015285;0.220370256;0.588344838;-0.250145278;-0.893418539;-0.471911718;0.020006689;-0.69613756;0.063547419;-0.290906444;-0.97714668;0.155057569;0.282022882;0.290161759;0.144646435;-0.32897427;idle
26.73;-0.395420743;0.261050116;0.898374373;-0.017772031;0.913861554;-0.323413222;-1.076646245;0.062694484;-0.379630901;0.261035475;0.677775451;-0.414710804;-1.033980043;-0.367286782;0.133994648;-0.340851536;0.235135735;-0.158784676;-1.099310998;0.155097502;0.317251173;0.241853997;-0.01627044;-0.398358989;idle
26.83;-0.530694089;0.247418782;0.854367691;-0.062177973;2.605861178;-0.596237676;-1.102991392;-0.027718316;-0.302790155;0.03249455;1.340145895;-0.764160024;-1.110667697;-0.202538904;0.04580042;-0.164039825;0.459801095;0.307372395;-1.107652435;0.077727542;0.214504974;-0.0933171;-0.174743635;-0.351093249;idle
26.93;-0.859243719;0.238322601;0.658178922;-1.286146214;4.732472402;-1.606318763;-1.042542468;0.06388163;-0.351147742;0.105628613;1.769530992;-0.592829678;-1.007007025;-0.080623673;-0.186418394;-0.193494536;0.3391147;1.613351242;-0.915074649;-0.034831472;0.126264817;-0.029042793;-0.280581777;-0.192149027;idle
27.03;-1.316458012;0.461483002;0.959216274;0.234582691;2.967737959;-2.205278102;-0.928095694;0.204149103;-0.716554685;1.193251231;1.699477367;-0.254196477;-1.171998151;-0.245874336;0.110618109;-0.767790115;-0.38268846;2.384092698;-0.921874173;-0.146848959;0.084556264;-0.165698366;-0.084564644;0.015616392;walk-rampdescent
27.13;-0.296084884;0.733906477;0.829768358;0.744441578;-3.277097847;0.498978414;-0.708460317;0.025286775;-0.240557755;0.250777929;-0.717372558;0.399893213;-1.152669581;-0.162505802;0.029041735;1.526837059;-0.614807279;2.342641861;-0.979632555;-0.062635656;0.204885363;-0.4207091;0.005334561;0.008903794;walk-rampdescent
27.23;-0.635660276;0.124189274;0.900044033;1.329240791;-4.058264271;1.89169861;-0.830673625;-0.142180146;-0.425962622;-0.536470705;-3.479522593;1.278881006;-0.851363596;-0.098836138;-0.043367983;1.301937356;-0.492679584;1.718524417;-0.891139052;-0.080405852;0.261816478;-0.444577605;0.195691679;0.137736936;walk-rampdescent
27.33;-1.086772585;0.181303286;0.81985451;0.804365751;-2.59295972;2.55584509;-1.102109131;-0.110801096;-0.606197613;-1.204550962;-4.260428068;1.222598899;-0.662585625;0.099149614;-0.120152103;0.437753197;-0.402502354;0.60125604;-0.958673745;-0.154185157;0.308574662;-0.447691704;-0.014504199;0.261407075;walk-rampdescent
27.43;-1.301467416;0.119455329;0.642084121;0.017467611;-1.441975983;2.731308241;-1.055766096;-0.017625079;-0.515237718;-1.806219255;-3.029345442;0.672687946;-0.892171417;0.339677743;0.075777117;0.986594317;-0.102589258;-0.118010019;-0.888096576;-0.025294622;0.305676062;-0.482263972;-0.389130441;0.407597281;walk-rampdescent
27.53;-1.14347107;-0.341107998;0.311292598;-0.297925085;-0.11656818;0.736834506;-0.815797502;-0.10228811;-0.394111194;-0.749498676;-0.558512145;0.160231091;-0.884973018;0.602149107;-0.326194748;1.466494397;0.254664355;-0.420538356;-1.032031439;-0.063003892;0.37424721;-0.452011693;-0.180075491;0.327001952;walk-rampdescent
27.63;-0.830518417;0.449146322;0.915560276;-0.7719318;2.595191635;-1.763444987;-1.219424724;0.061314066;0.07978728;0.899046211;1.23380742;-0.021942532;-1.251290197;0.467710512;-0.171361713;-1.771475314;-0.469007821;-1.409131853;-1.13532798;-0.02190455;0.491416144;-0.307603107;-0.423936856;0.625985796;walk-rampdescent
27.73;-0.737841269;0.065329228;0.992329941;-0.162183305;-0.177953832;-0.159842114;-1.090080254;0.039456947;-0.296187747;-0.942371524;1.827604385;-0.096517134;-0.893397911;-0.392298342;0.141144392;0.383084325;-0.064385431;-1.307966981;-0.981882421;0.085091601;0.064539947;-0.10098091;0.175452799;-0.088011547;walk-rampdescent
27.83;-0.488739991;0.226976834;0.833671807;0.009986633;-0.108636804;-0.07270258;-1.031777596;0.12050875;-0.23175615;0.147581034;0.816909151;0.111741084;-0.999678729;-0.249516779;0.152659651;0.438051417;-0.03663593;-0.943600761;-0.981583548;0.157001212;0.117774055;-0.007242543;0.389379083;0.072268245;walk-rampdescent
27.93;-0.473246355;0.228920062;0.820335571;0.083221444;-0.030352629;-0.083646136;-0.970504183;0.129603927;-0.199874898;0.473702027;0.534222849;0.120475301;-0.941280622;-0.118601451;0.004749412;-0.903411337;-0.263594682;-1.523945648;-0.90442504;0.065493717;0.182409803;0.257177907;0.33363596;-0.269853086;walk-rampdescent
28.03;-0.473334095;0.233189074;0.833377219;0.024777135;-0.096491381;-0.165751814;-0.964106016;0.157073128;-0.159334841;0.53022714;0.562729048;-0.023606378;-0.992067212;-0.100084687;0.148971939;-0.451205069;-0.048297493;-1.482016008;-0.903557022;0.07619676;0.207412307;0.410323761;-0.026295848;-0.233125645;walk-rampdescent
28.13;-0.456177999;0.233349195;0.83694072;-0.127699404;-0.170801843;-0.272904421;-0.904709622;0.145129772;-0.201821182;0.167797782;1.277629726;-0.272009531;-0.9188356;-0.083398276;0.087748916;-1.040542713;-0.16728639;-0.89026177;-0.855570862;0.091204298;0.299677524;0.47387997;-0.469159884;-0.207124898;walk-rampdescent
28.23;-0.461559364;0.203857718;0.87031249;0.075855109;0.329360408;-0.55235698;-1.03309408;0.05569561;-0.493714059;0.237646656;1.652823902;-0.332083479;-0.933918219;-0.41189771;0.096447041;-1.004367177;0.069987847;-0.180966354;-0.942287052;0.139337875;0.377898181;0.200561794;-0.122543117;-0.27126027;walk-rampdescent
28.33;-0.529240057;0.159364051;0.891106866;-0.194428096;2.906751253;-0.549465937;-1.157950902;-0.051956682;-0.440483719;0.036677087;2.081580529;-0.685956179;-1.084665835;-0.038518058;0.0264892;-0.308482578;0.415790624;0.002304229;-1.023641429;0.043290931;0.557130046;0.053107418;-0.282289901;-0.332833187;walk-rampdescent
28.43;-1.04969051;0.434205153;0.804976667;-0.145342192;7.508875576;-1.887649774;-1.432531304;0.158926639;-0.270636408;1.953871199;2.423587634;-0.23566204;-1.278522906;0.051946652;0.034754342;-0.99461449;0.600284298;1.708000423;-1.130839751;-0.021034774;0.176591426;-0.05384072;-0.059281418;-0.181512245;walk-rampdescent
28.53;-1.001980235;0.832495143;1.359918267;0.761400647;-0.074084893;-2.583474738;-0.781814171;0.260838239;-0.586713253;0.149576773;1.106083284;-0.317428015;-1.443673779;-0.484302059;0.000148184;1.350620819;-0.561562834;2.760597321;-1.081711907;-0.138968816;0.149118462;0.462443974;-0.099081896;0.038765201;rampdescent
28.63;-0.292095622;0.177947047;0.660786877;1.151671994;-3.596368514;2.085963053;-0.439168006;-0.182349321;-0.352493494;-0.09078855;-2.811341292;1.064238717;-0.94595928;-0.323220032;-0.189352174;-0.055722413;-0.622740079;2.05912937;-0.88091281;-0.04450879;0.177112809;-0.03486419;0.253023599;0.226801909;rampdescent
28.73;-1.274285463;0.17977791;0.710641923;0.671178571;-3.605120811;2.740520797;-0.961030445;-0.170806103;-0.729648597;-1.144097332;-4.79344606;1.340273248;-0.678057347;-0.188827565;-0.050113483;1.142218178;-0.414500244;1.044093069;-0.839698513;-0.071238419;0.206696863;-0.346351903;-0.036549663;0.032007486;rampdescent
28.83;-1.523683939;-0.0895027;0.53025907;-0.346356771;-1.156631832;2.36059221;-1.150708466;-0.123566328;-0.686514947;-1.598723354;-4.212113703;0.392762766;-0.789364293;0.14556786;-0.074610849;0.461954118;-0.425641054;0.52751316;-0.805859068;-0.059534298;0.31387176;-0.383768682;-0.088904289;0.272569401;rampdescent
28.93;-1.222060748;-0.115754125;0.196403122;0.730640671;-0.762745944;0.484879449;-0.916213176;-0.027754832;-0.383003319;0.115544617;-2.223493052;0.512378194;-0.893979205;0.511309218;-0.045901053;0.25493571;0.221831498;0.12089403;-0.901937642;-0.073260206;0.462493538;-0.514553215;-0.007926089;0.381375138;rampdescent
29.03;-1.444742889;0.186896733;0.027045643;0.008372392;1.277842784;-1.086828471;-0.850720896;0.069944641;-0.464375061;0.929706788;0.438483395;0.153906751;-0.898043207;0.576006842;-0.127805129;-0.404242363;-0.009878591;-0.605404492;-1.112065694;-0.077219637;0.590464367;-0.218256209;0.015800047;0.271314933;rampdescent
29.13;-0.771122204;0.003513972;0.917766115;-0.721799432;-2.236487954;-0.025516207;-1.58524572;-0.064708957;0.064134954;-0.473741231;2.652109767;-0.117749061;-1.382477205;0.140440401;0.090259026;0.584027688;-0.268290166;-1.63029544;-1.236423482;-0.026291936;0.208719255;0.025903029;-0.17664938;-0.158802257;rampdescent
29.23;-0.486305784;0.263274302;0.792693099;-0.085727075;-0.040877562;-0.09609397;-0.887784679;0.187684322;-0.465053902;-0.048389849;1.434162364;-0.037340428;-0.730893146;-0.628515957;0.166715525;-0.900494363;-0.290641551;-1.152278495;-0.95800857;0.204061842;0.081321844;0.186945008;0.528164526;0.034447654;rampdescent
29.33;-0.472493256;0.258170981;0.853753185;0.062542619;0.091773723;-0.085821873;-1.028546846;0.148508799;-0.223016523;0.283694244;0.50006292;-0.006056333;-1.045237159;-0.069075841;0.097665847;-0.120710965;0.235871552;-1.765687105;-0.984037623;0.023719105;0.164059313;0.201370283;-0.006739478;-0.038076728;rampdescent
29.43;-0.481905367;0.261038508;0.799117647;0.001944711;-0.01043796;-0.129971502;-0.903938779;0.144173555;-0.292185321;0.258009804;0.348206315;-0.031911872;-0.865054561;-0.301827269;0.083398098;-0.723094661;0.135695702;-1.969757408;-0.791005253;0.091022923;0.234984117;0.249643812;0.024026541;0.039462048;rampdescent
29.53;-0.46052419;0.222878877;0.817382835;-0.06954787;-0.153376382;-0.166254939;-0.923016074;0.129533605;-0.193412626;0.100127995;0.885019593;-0.204357868;-0.959951061;-0.111031526;0.100170046;-0.499628624;-0.029786409;-1.139599006;-0.853367624;0.072917059;0.286572805;0.447124207;-0.129640627;-0.1983357;rampdescent
29.63;-0.520334284;0.221272479;0.839688096;-0.081511939;0.226997424;-0.411867826;-0.98789469;0.108482414;-0.45257229;0.058201888;1.491996316;-0.331101514;-0.913117453;-0.354500763;0.065756851;-0.894658483;-0.023283115;-0.410487201;-0.913465483;0.072107661;0.408430357;0.509866104;-0.017481684;-0.385023277;rampdescent
29.73;-0.474864082;0.17156777;0.905307267;0.136588713;2.042046884;-0.712748378;-1.124876289;-0.080406408;-0.448382858;0.411463503;1.749071466;-0.4412504;-1.042850633;-0.315880148;0.03935115;-0.796777474;0.254565612;-0.266510139;-1.011069638;0.096546038;0.512484392;0.212941931;-0.086100561;-0.417008451;rampdescent
29.83;-0.650981841;0.335559382;0.752873453;-0.294579794;6.58689901;-1.224668928;-1.442921169;-0.004886476;-0.107240343;0.886856475;2.682295971;-0.395228055;-1.277025019;0.194990452;-0.207024248;-0.414267469;0.689696899;1.683698417;-1.19368849;0.066241704;0.217973357;-0.26532446;0.047843184;-0.346703803;rampdescent
29.93;-1.798336919;0.503591105;1.629665273;1.497968501;3.265173597;-3.215658658;-0.967982745;0.370111589;-0.893477543;0.798471548;1.774022109;-0.302397769;-1.483668606;-0.592617401;0.431829541;0.166021263;-0.610519732;2.941749987;-1.131054117;-0.189696059;-0.031691831;0.222792883;0.224331048;0.134270519;rampdescent
30.03;-0.099843177;0.651909819;0.368687894;0.212341733;-3.970960999;1.059316898;-0.382953929;-0.047681649;-0.237406429;0.511143316;-1.914137923;0.19675816;-1.012356119;-0.306591206;-0.285318621;1.258126406;-0.269115266;2.68859065;-0.854575487;0.010018345;0.202161014;-0.256567055;0.074890109;0.238688695;rampdescent
30.13;-1.035542026;0.223098285;0.598803416;1.124023309;-4.407611926;2.108036414;-0.723649383;-0.103554821;-0.684398604;-0.8235416;-4.612939874;1.111403927;-0.737008933;-0.33393839;-0.047429467;0.80257917;-0.520474854;1.505675934;-0.915554461;-0.067026927;0.178165686;-0.50281273;0.044041124;0.328883097;rampdescent
30.23;-1.665465084;0.157982741;0.626912227;0.018992208;-2.104495437;2.795694706;-1.17307498;0.003987139;-0.859439537;-1.491678494;-4.588330005;0.885218253;-0.838604357;0.066659161;-0.021450538;0.801991912;-0.506743145;0.260078578;-0.889243556;-0.087475196;0.292087194;-0.587750123;-0.17561125;0.17473401;rampdescent
30.33;-1.313212464;-0.095091065;0.434666999;0.459236219;-1.934542356;1.670968114;-0.968474351;-1.00E-01;-0.474902948;-0.600534953;-2.765796582;0.776748016;-0.806871668;0.393131786;-0.085231819;0.853234393;-0.172579624;-0.287366737;-0.851984952;-0.016104465;0.296762418;-0.693006137;-0.061928988;0.375264644;rampdescent
30.43;-1.158146158;-0.307693012;0.241157304;-0.081468133;-0.7434461;0.913922469;-0.833137005;-0.125880974;-0.402697044;-0.554781492;-0.070150226;0.146146001;-0.889795194;0.468148205;-0.225873941;0.716674222;0.155952809;-0.789010153;-1.030399758;-0.016919669;0.433685374;-0.772984687;0.281619604;0.301648449;rampdescent
30.53;-0.48323056;0.31460636;0.532517621;0.040500265;1.783645245;-1.461708897;-1.253793202;0.002780132;0.247691283;0.905569032;1.321869577;0.220461047;-1.258030323;0.337542808;-0.113015525;-0.692173563;-0.431167835;-1.489857301;-1.112840339;-0.186660733;0.45297842;-0.510933039;-0.47985568;0.03843901;rampdescent
30.63;-0.943850136;0.356835397;1.377460167;-1.089398182;0.354521149;-0.231291294;-1.132601828;0.192425023;-0.419978475;-0.909836396;1.995873608;-0.025463595;-0.943513275;-0.373934643;0.211857946;0.516435722;-0.298708584;-1.204449643;-1.157122908;0.233989007;0.011620297;-0.039670266;-0.142886749;-0.309795441;rampdescent
30.73;-0.491182312;0.229853696;0.814364549;0.230854723;0.078658523;-0.086465165;-1.032439343;0.164347002;-0.295950027;0.895177173;0.746383794;0.116288327;-0.962165454;-0.434646293;0.132801537;0.224890841;0.056984742;-1.402465054;-0.939364443;-0.061532478;0.279480887;-0.052871483;-0.093665237;0.186346676;rampdescent
30.83;-0.508201278;0.278206905;0.777818013;0.298103975;0.077217489;-0.243103999;-0.936146553;0.210249492;-0.214177715;0.601514331;0.5378933;0.073353541;-0.939651787;-0.209159309;0.114462671;-1.015526792;-0.437494615;-1.340363191;-0.862740341;0.028400158;0.196342178;0.710904247;0.084728849;-0.087071266;rampdescent
30.93;-0.539646655;0.257868652;0.779234621;0.081504497;0.00399229;-0.309561193;-0.948236612;0.126236736;-0.260514433;0.469641317;0.656949585;-0.054771305;-0.93754449;-0.213754216;0.079382699;-1.157154188;-0.252740867;-0.926026166;-0.905266035;0.08889404;0.260652405;0.845248428;0.077000402;-0.165733273;rampdescent
31.03;-0.549992542;0.259457054;0.763787693;-0.0207707;-0.041878448;-0.238290795;-0.835190938;0.143952854;-0.346486213;0.098518517;0.937210881;-0.217905842;-0.797956095;-0.324931937;0.114536161;-0.810908064;-0.146138384;-0.653387946;-0.831490732;0.033567132;0.334201586;0.916517885;0.06272395;-0.200557141;rampdescent
31.13;-0.517255416;0.232324355;0.804987955;-0.018428199;-0.072567847;-0.31248155;-0.984718976;0.056882857;-0.416223516;0.225027626;1.229675934;-0.261088914;-0.925686342;-0.311041612;0.04851064;-1.056194395;-0.062260762;-0.571905634;-0.835685719;0.113627262;0.387484628;0.833155815;0.195899852;-0.385863121;rampdescent
31.23;-0.53679938;0.194657324;0.871778675;0.073180875;1.923392362;-0.391457768;-1.190713333;-0.037493081;-0.477261244;0.020611022;1.788468199;-0.51848687;-1.10659324;-0.252236507;0.104300882;-0.584348365;0.276774265;-0.158907184;-1.106406989;0.139906121;0.568694389;0.331800459;0.021254341;-0.372267579;rampdescent
31.33;-0.677520568;0.354857201;0.685842427;-0.020830086;6.83961727;-1.14293693;-1.38089608;-0.010436386;-0.181546149;1.045179578;2.559351896;-0.405293831;-1.235919438;0.057623621;-0.190715765;-0.388667758;0.66708543;1.605819474;-1.197445687;-0.023914427;0.159181387;-0.199092912;0.004750164;-0.288938476;rampdescent
31.43;-1.7308457;0.521094798;1.333649098;2.212904643;3.049743869;-2.544889816;-0.913538428;0.243402481;-0.883513058;1.345658778;1.871306496;-0.172602895;-1.422460013;-0.559378106;0.28557983;-0.33712674;-0.420090592;2.716297919;-1.067796786;-0.089808244;0.022045588;0.086706724;0.152820574;-0.00639931;rampdescent
31.53;-0.167780419;0.689711989;0.398652816;0.528967935;-3.99337604;-0.170584889;-0.413946039;-0.018679187;-0.256458461;0.266234008;-1.503568513;0.262505914;-1.003451662;-0.239391256;-0.12064223;1.178828961;-0.295365964;2.462847998;-0.896503713;0.033927983;0.193711942;-0.700336264;0.088883742;0.33106304;rampdescent
31.63;-0.917058195;0.35634722;0.652723353;0.62156974;-4.136351989;2.021252672;-0.758472057;0.049557885;-0.603175351;-0.721941793;-4.087721238;0.871611969;-0.826408441;-0.239961864;0.038567922;1.327418873;-0.486233238;1.783728844;-0.895408739;-0.076853616;0.205054417;-0.911230082;0.125213061;0.295528741;rampdescent
31.73;-1.373433566;0.250361582;0.564525477;-0.144310927;-2.107959165;2.929362143;-1.156328829;0.008007276;-0.767282345;-1.746699318;-4.601116126;0.773405286;-0.790549899;0.109438711;-0.027841896;1.228464302;-0.512817336;0.683315234;-0.869480317;-0.090782414;0.265405423;-0.824794966;-0.126081749;0.194316283;rampdescent
31.83;-1.429260509;0.128783207;0.459571567;0.213498961;-0.351411282;1.563160317;-1.105145665;-0.045780316;-0.496331821;-0.947622774;-3.612372394;0.895073096;-0.791162171;0.190992814;-0.144391677;0.978900536;0.128043023;-0.162550656;-0.865666276;-0.040267868;0.302359036;-0.731707386;-0.041868802;0.262829539;rampdescent
31.93;-1.196698905;-0.488260278;-0.377036008;0.770277897;0.804092956;0.855537207;-0.779009685;-0.109378202;-0.431599538;-0.33453574;-1.389054002;0.509433602;-0.87206223;0.600693345;-0.309853226;1.239261518;-0.152507147;0.057122041;-0.993924244;-0.166445196;0.472412387;-0.352290462;-0.011133602;0.248337097;rampdescent
32.03;-1.557682683;0.261737929;0.589109397;-1.375281488;-1.61472849;-0.777679699;-1.197876135;0.249511979;-0.505674768;0.164266416;2.580222288;0.029447768;-0.932686536;0.278822354;0.050714895;-2.612298793;-1.247044242;-1.716272724;-1.092780474;-0.090947298;0.451403966;-0.042312232;-0.447895046;0.116164959;rampdescent
32.13;-0.523650018;0.249132001;0.901280524;-0.277212271;-0.252522083;-0.092533726;-1.251638741;-0.057245105;-0.117775928;-0.046774411;2.440172962;-0.259884621;-0.885317289;-0.412529832;-0.025841043;0.766112636;0.173289116;-0.365509989;-1.305511687;0.272472051;-0.076554579;-0.323889711;0.023305766;0.058963379;rampdescent
32.23;-0.499868072;0.228108099;0.836412172;0.033561441;0.208499835;-0.161726444;-1.12145844;0.039446398;-0.367460762;0.57570151;0.651238385;0.01215603;-1.151920338;-0.196236821;0.18298668;0.243713204;0.100122429;-1.425518828;-1.01296084;0.010871147;0.212638048;0.097918589;-0.10077652;0.203363041;rampdescent
32.33;-0.533932985;0.278257003;0.761258557;0.196171805;0.341924443;-0.194633637;-0.90787815;0.159463625;-0.29585565;0.400534934;0.356388973;0.014997921;-0.916699529;-0.131813687;0.111872894;-0.333501552;-0.042100807;-1.670185396;-0.811725184;0.055339607;0.16421497;0.744464411;-0.031248816;-0.059352472;rampdescent
32.43;-0.550592558;0.272090196;0.75039151;0.085723626;-0.189887939;-0.245587691;-0.859702772;0.150029804;-0.254399277;0.363227282;0.505292289;-0.000932136;-0.899880805;-0.115783061;0.108945963;-1.338361385;-0.19849199;-1.704917548;-0.795657648;0.046414763;0.236469592;0.635364595;-0.136720853;-0.098740367;rampdescent
32.53;-0.504290125;0.242071672;0.804097429;-0.173279095;-0.666871875;-0.228881973;-0.898650129;0.119415403;-0.286322244;-0.098878916;1.125576552;-0.266954471;-0.903585564;-0.181503004;0.125200898;-0.976588433;-0.190877527;-0.59622892;-0.842351175;0.089304244;0.326683532;0.843699692;-0.088978227;-0.25123302;rampdescent
32.63;-0.485163064;0.231032732;0.828378699;-0.012012907;0.124477262;-0.255375753;-0.900153498;0.045466825;-0.549468773;0.035665248;1.642933324;-0.356787982;-0.849763426;-0.337766029;0.043646927;-0.519899242;0.024773996;-0.158076151;-0.868967482;0.106599585;0.425954076;0.596017585;-0.061445827;-0.287921635;rampdescent
32.73;-0.518285065;0.205986145;0.840712587;0.269158057;0.958049351;-0.660240975;-0.941140677;-0.024531881;-0.705077426;0.530884228;1.412984085;-0.139467895;-0.934784158;-0.445728593;0.021622333;-0.694000353;0.231526783;-0.745036092;-0.8700241;0.129104673;0.51951388;0.44308876;0.082584173;-0.472802104;rampdescent
32.83;-0.599424941;0.234197042;0.794238493;0.21671337;3.611027733;-0.615071375;-1.166959684;-0.078749315;-0.567587075;0.946978917;1.915803724;-0.4382989;-1.171876705;-0.071060447;0.04316002;-0.819386396;0.987385103;0.058671268;-1.033617262;0.117061128;0.472530211;0.068501456;0.494746506;-0.550026865;rampdescent
32.93;-1.407671017;0.490714794;0.89528007;0.309344667;6.90084739;-2.162086489;-1.291211671;0.177135631;-0.57207139;1.503273051;2.643997723;-0.479577044;-1.284034103;-0.202789472;-0.047854412;-1.046152012;0.101414417;1.561108933;-1.374997575;-0.174173918;-0.118069814;-0.416553551;0.301508902;-0.009071942;rampdescent-walk
33.03;-0.621996959;0.547189951;1.129445708;1.162151056;-1.626140169;-2.867392731;-0.601202695;-0.183058209;-0.594445709;0.412979823;0.828542374;-0.366784279;-1.345577266;-0.342977139;-0.219070388;2.352721371;-0.03537674;3.303047656;-1.020964245;0.054066238;0.067704306;0.500765201;0.011378964;0.269087546;rampdescent-walk
33.13;-0.262721257;0.319032456;0.531745942;0.397420772;-3.547927626;1.119648888;-0.338226736;-0.048371223;-0.425299432;0.058267492;-2.864475117;0.55781332;-1.08352462;-0.305474254;-0.026589576;-0.223201709;-0.624514823;2.591424612;-0.901096079;-0.081291756;0.105090531;-0.485551755;0.241296852;0.212501969;rampdescent-walk
33.23;-1.175335421;0.220256617;0.771565929;0.921461259;-4.202420822;2.484009235;-0.754919816;-0.203557642;-0.846602927;-0.366597992;-4.989435948;1.121864364;-0.759925613;-0.224983126;-0.071984293;1.35196889;-0.2102617;1.826385362;-0.993293196;-0.071886081;0.182605386;-0.485708587;-0.240298946;-0.054928134;rampdescent-walk
33.33;-1.644931355;0.234665536;0.71367287;0.190765087;-2.292192759;3.213331755;-1.132888451;-0.083497792;-0.976256568;-2.152334497;-4.741045211;0.751745013;-0.725893368;0.022874383;-0.120464325;0.667956567;-0.42628785;-0.046194425;-0.947149929;-0.083025906;0.289596884;-0.748435585;-0.256209826;0.131733344;rampdescent-walk
33.43;-1.366075295;0.098727564;0.27135413;0.073897435;-0.273437373;1.552341679;-1.104510439;-0.007011924;-0.568027743;-0.901891518;-3.034436577;0.706085207;-0.954646792;0.369632219;-0.035803221;0.990827833;-0.366164975;-0.318022937;-0.924506817;-0.031048245;0.293056616;-0.698394049;-0.087918196;0.315061292;rampdescent-walk
33.53;-1.53036859;-0.403124;0.33015119;-0.452779369;1.69777534;0.568810845;-0.74752225;-0.02948586;-0.547662225;-0.954703915;0.284338706;0.430923511;-0.967528649;0.576473252;-0.095250337;1.090943335;-0.302448354;-0.866154362;-0.98001212;-0.068862475;0.4005099;-0.706525738;-0.059666626;0.330350471;rampdescent-walk
33.63;-0.63042096;0.383463921;0.918569535;-0.283630617;-1.264235681;0.006756871;-1.430107854;-0.195690425;0.09796267;0.059390615;1.578190244;0.255311838;-1.224377705;0.089019894;-0.364330665;0.383538957;-0.22383794;-1.232626082;-1.294969005;0.076492673;0.221236709;-1.04245346;-0.213597798;0.486059358;rampdescent-walk
33.73;-0.415552121;0.322335577;0.833605782;0.023727747;0.055094384;0.00833875;-0.988869059;0.140358678;-0.208891125;0.002658149;0.696798586;0.305639411;-0.732203855;-0.558419136;0.332059476;-0.654058122;-0.384065348;-1.315649081;-0.832384924;0.074089657;0.033796335;-0.304974081;0.545905773;0.087204468;rampdescent-walk
33.83;-0.421353377;0.297584202;0.830036237;0.103108935;0.077895252;0.014655496;-1.008644365;0.104485444;-0.087274452;0.17596676;0.027338078;0.185219237;-1.021560457;-0.106488432;0.026250999;0.459262756;0.391200741;-0.912735204;-1.04168959;0.156086352;0.112758599;-0.212663681;0.156673972;0.341619117;rampdescent-walk
33.93;-0.416579823;0.310203676;0.828547488;0.016735877;-0.033151525;-0.053711925;-0.984165651;0.138673613;-0.058565626;0.075855893;0.201374292;0.047316906;-0.989761107;-0.04515652;-0.014081434;-0.887154314;-0.389931395;-0.806775496;-0.898038962;0.125367122;0.127556912;0.302198054;0.231587305;0.251788239;rampdescent-walk
34.03;-0.422994932;0.291582972;0.835312029;-0.013745193;-0.033275227;-0.038274168;-0.993213377;0.106603121;-0.091136458;0.068834621;0.119086084;0.035041104;-0.982674067;-0.239727306;0.017684387;-0.291719466;-0.014510093;-0.508730427;-0.999728427;0.128864622;0.160171222;0.64179166;0.06431304;0.028000053;rampdescent-walk
34.13;-0.417846158;0.296817429;0.833559125;0.002533641;-0.01322476;-0.041332108;-0.988134681;0.116849678;-0.126959955;0.059888381;0.213147736;-0.031543394;-0.960227345;-0.247010472;0.069627402;-0.053107162;-0.2846992;-0.296313203;-1.005557366;0.135032312;0.15105401;0.823248814;0.078471064;-0.190043484;rampdescent-walk
34.23;-0.415871411;0.294733031;0.835724118;-0.000224597;-0.037426883;-0.052077152;-0.985939458;0.122763454;-0.115529312;0.251514342;0.153410828;-0.070927629;-0.986268645;-0.239526329;0.076860801;-0.702703556;-0.113165282;-0.135104865;-0.992930054;0.152038273;0.159492259;1.003716403;-0.096642392;-0.331816967;rampdescent-walk
34.33;-0.409150521;0.311820718;0.834387369;-0.008649683;-0.051635187;-0.08896988;-0.992439687;1.43E-01;-0.145419085;0.092133056;0.272343119;-0.202819425;-0.956784688;-0.236239953;0.160841654;-0.414826405;-0.159500554;-0.231848893;-1.04046464;0.149321735;0.190093495;0.990660861;-0.324360205;-0.42942688;idle
34.43;-0.402738988;0.302892933;0.841682872;-0.0082403;-0.028786296;-0.144601876;-0.983055139;0.049665525;-0.152395319;0.035229453;0.314756571;-0.270321631;-0.960661312;-0.279360852;0.1533198;-0.629729707;0.018806948;-0.195158585;-1.07286882;0.075316037;0.06280057;0.695734976;-0.285476565;-0.25935329;idle
;;;;;;;;;;;;;;;;;;;;;;;;;
;;;;;;;;;;;;;;;;;;;;;;;;;
;;;;;;;;;;;;;;;;;;;;;;;;;
;;;;;;;;;;;;;;;;;;;;;;;;;
;;;;;;;;;;;;;;;;;;;;;;;;;
;;;;;;;;;;;;;;;;;;;;;;;;;
;;;;;;;;;;;;;;;;;;;;;;;;;
;;;;;;;;;;;;;;;;;;;;;;;;;
;;;;;;;;;;;;;;;;;;;;;;;;;
;;;;;;;;;;;;;;;;;;;;;;;;;
;;;;;;;;;;;;;;;;;;;;;;;;;
;;;;;;;;;;;;;;;;;;;;;;;;;
;;;;;;;;;;;;;;;;;;;;;;;;;
;;;;;;;;;;;;;;;;;;;;;;;;;
;;;;;;;;;;;;;;;;;;;;;;;;;
;;;;;;;;;;;;;;;;;;;;;;;;;
