Header,foot_Accel_X,foot_Accel_Y,foot_Accel_Z,foot_Gyro_X,foot_Gyro_Y,foot_Gyro_Z,shank_Accel_X,shank_Accel_Y,shank_Accel_Z,shank_Gyro_X,shank_Gyro_Y,shank_Gyro_Z,thigh_Accel_X,thigh_Accel_Y,thigh_Accel_Z,thigh_Gyro_X,thigh_Gyro_Y,thigh_Gyro_Z,trunk_Accel_X,trunk_Accel_Y,trunk_Accel_Z,trunk_Gyro_X,trunk_Gyro_Y,trunk_Gyro_Z,Label
11.06,-0.39982995849799763,0.29403910082481877,0.8564086542843935,0.05193016667759912,0.060748251685112574,0.017831435816164965,-0.9801437115586792,0.03263047424621025,-0.11124345284435033,-0.10956979041148573,0.2809095383176662,0.03921441715438882,-0.9984339251117612,-0.08605902591445307,0.011919007158615826,-0.09887032602675894,-0.07256275247296054,-0.09517831472878234,-0.9661170414606506,0.11966109677834054,0.07468599306522553,0.2882359624686605,0.12329958458000326,0.15977176156254574,idle
11.16,-0.4002819702300645,0.30069571872150747,0.8627746569650683,0.0645717476241423,0.04877548453246913,0.082479880570589,-0.9842814011573235,0.04075797006320787,-0.1699337322053976,-0.2793448166167544,0.2838217027591685,0.12367299941711984,-0.9531760210889638,-0.18843327916953242,0.07829184426531968,0.017513253189302035,-0.007619160302647521,-0.11911097246321208,-0.9720755852955987,0.19800100858130387,0.13130963564202522,-0.2264383950272922,0.3069065099944025,0.16331750787215482,idle
11.26,-0.39784134759187756,0.3170187533783321,0.8577108205723272,0.03346051374385359,0.07758440918585233,0.041639904236158674,-0.9882628315906494,0.10007585240277332,-0.1841391018551215,0.018662644792275803,-0.040531402069806724,0.11741027081630537,-0.9378894421389921,-0.18893892569002765,0.056686457256996295,0.17106427090236548,0.1339020238473425,-0.5446789442730048,-1.032363475341851,0.13841256317539813,0.25088778402070017,-0.4204422300290235,0.16987147892810522,0.06026305412917996,idle
11.36,-0.39323014621681207,0.3181186453644559,0.854824858202675,-0.03394165527960373,0.0006818018382779362,-0.052528066249586614,-0.9426127202257858,0.1237455719200063,-0.08820846366561533,0.337084927221784,0.2817426891463823,-0.217781162978301,-1.0339446172816609,-0.00945789245276096,0.09127598413571346,-0.29124568490565356,-0.006366082936780823,-0.25912695662749907,-0.9399584735049455,0.13381360904461675,0.14065100951236245,-0.081625184287759,0.2717615417739534,-0.14171691198078934,idle
11.46,-0.38954597106448163,0.31476034901246436,0.8510362159050441,-0.10928732274432698,-0.0725816652739349,-0.07505872512847409,-0.9369673461667831,0.08088974585509451,-0.14426694565703935,0.15648891942518256,0.762828725085802,-0.4222047950568517,-0.9878300695077025,-0.02503469041786393,0.12359895728810204,-0.36921957566141084,0.025738294704226276,-0.1976383506970008,-0.8607391224813983,0.15259789991827544,0.1802855175607248,-0.09819186372209623,0.17001011842945749,-0.16411670543609794,idle
11.56,-0.37273432630125924,0.3129714360299422,0.8732972460636313,-0.22144743984649468,0.04862078009036075,-0.2112609199207632,-0.9501772409232236,0.03066577420663825,-0.24716541217385246,0.052924020665755155,1.6203391276914694,-0.7431005211912937,-0.9364611713242752,0.008582254751174367,0.11604076324967513,-0.7662764120958321,-0.14082354165419125,0.29330111874856024,-0.9764094235063595,0.064847681058021,0.19708900050036188,-0.02190979288676076,0.3116077233408471,-0.40150942720830496,idle
11.66,-0.38157286220067005,0.4142366318191272,1.039213104771306,-0.8828243168131266,3.877312224313871,-1.8264277219795786,-1.9002671007412975,-0.11478640599683491,-0.2253200475639417,0.5910839346516106,2.742068108726934,-1.1855626292596628,-1.5223802106026525,0.07817178506387239,0.4351307129147883,0.47063270465381546,-0.25329175195900205,1.114534014365327,-1.3786265902861052,0.13248613348279364,-0.09413644334248109,0.41362084872790456,0.4035332236669352,-0.13591774747394741,idle
11.76,-1.2574861197186102,0.8553764196333248,2.170732363041843,-1.8262995734577725,4.320256694411809,-2.0489627847548855,-1.5735912775898393,0.2941262113148997,-0.45358287086807164,0.9599431350814507,2.0666918744670815,-0.7133849599004899,-1.6986968252502748,0.04978581696813218,-0.35039428075418777,2.125246320358676,0.3809715891404223,3.667109216706936,-0.9921919498948094,-0.07193968942591993,-0.12257815777890242,0.19841266674342845,-0.09851365092364736,0.2034684197794367,walk-stairascent
11.86,-0.21268729684248888,0.3817280493647039,0.7394464072896261,1.4107191574045745,-1.9868347479789974,0.9660008841258222,-0.5877700021442683,-0.08311749985017364,-0.3248964260924844,-0.36753050114617736,-1.2423939074889592,1.2384042280562897,-1.1434618293728398,-0.002401375743228491,0.27677088809452555,0.08516545468663413,-0.2502583488802116,4.087271257873681,-1.0061378077722425,-0.05200317343725704,-0.0758753832055724,-0.05414121851977784,0.2931567266655931,0.11856504782275834,walk-stairascent
11.96,-0.7176081784933385,-0.15373260054424698,0.28876854366980026,1.2370747548808505,-3.4683805330526667,2.0260862192213587,-0.20329614423197923,-0.3139589947017242,-0.546973500885581,-1.0912987756576125,-3.602008510107582,1.4368283722553534,-0.17354873028976964,0.1493376881412825,-0.1559423305879542,1.1539303586126342,-0.19118654124965553,2.3590870966305073,-0.828673364995175,-0.005326739497914107,-0.01337346819554856,0.12867131379648272,0.32769088939003554,-0.12298539090910938,walk-stairascent
12.06,-1.7769983601830983,-1.017185544676743,-0.20513886517285354,-0.2727647086488592,-1.4683890499673056,1.2299966912077327,-0.1932172052400924,-0.5743318408150142,-1.3483943733192705,-1.1197308390120753,-1.9190628465810888,0.011731057466502975,-0.10441262057207082,0.5401041248735293,0.05391061296774384,0.3602508817330689,-0.5744341430387871,-0.5044746741604821,-1.0211681216794326,-0.038953921445372436,0.03373482184604966,0.2181295687027974,-0.11488703031042864,0.01570491175437754,walk-stairascent
12.16,-1.0970896614293886,0.35376398110072593,1.0397439515595608,-0.03819428539883928,-0.7326943209506773,0.25369034121021217,-1.2813504207997954,0.10672926780789674,-0.6921643597291676,-0.09794040149200567,1.0887781756952353,-0.6945114691410116,-0.8488161154837719,0.8029239014448661,-0.22193060017056937,0.11126956549712981,-0.032815442989432085,-1.5540640294053918,-1.1719126848645645,0.019834958124737612,-0.021646880870165877,0.28505849477164436,0.12560746019284913,0.5481565501072879,walk-stairascent
12.26,-0.5052343865384021,0.18980165935175447,0.8430215545614252,0.034287923426133925,-0.19614778285414783,0.12946275991935546,-0.7901197803623299,-0.18613928375435496,-0.6882387279539557,0.04358633426576725,0.7424424257649458,-0.13401826062164277,-0.8876333024065172,0.1325931768270689,-0.008536873121942203,-1.9694137831955985,-0.647027174449905,-2.2222636071563366,-1.458443318165792,0.2827068866336868,-0.42921870502296,-0.12565985382547099,-0.026510589054013413,0.10241830734197477,walk-stairascent
12.36,-0.3699285983427339,0.30633795597820745,0.8881626461324869,0.12521078703219202,0.1014456477556103,0.0008450492487282139,-0.9573062032217038,-0.06947718192387727,-0.47453804714618364,0.06430613111045821,-0.243450161943555,0.35778932670990116,-1.263174790945952,0.1803595009114924,0.14406117359393417,-0.05933301007507909,0.539869939638152,-1.6227825297664444,-0.7386073039775221,0.23309569564981863,-0.1669420543425715,-0.7705679143446323,0.0976531260509578,0.20340037582263407,walk-stairascent
12.46,-0.3847452678810265,0.31907209793241853,0.8571899448041762,-0.01325417551111418,0.16595345272206616,-0.1340687872195483,-0.956162417708784,0.03351711077043709,-0.38785037799159217,0.41299770504045846,-0.6456972777340332,0.2433703966920743,-0.9596090087815202,-0.03421791803133692,0.291254667341733,-1.7509250860046144,0.11251075192738516,-2.116223518967636,-0.8675278412644103,0.15027825783353205,-0.10413612721272822,-0.5988091806679043,-0.033772233369303094,-0.24242066146529076,walk-stairascent
12.56,-0.40460178331093,0.3145118320867646,0.8364358536665393,-0.041497541926268824,0.1913455975626494,-0.38238079226952587,-0.9256360921930948,0.10322013610973327,-0.23561763680938536,0.693928525078056,-0.5162760014199556,0.174333766238182,-0.8431021432697818,0.12309980708591642,0.20051027472922245,0.024163462901999264,0.6406580890990157,-1.4450935747604394,-0.7622955007467042,0.1223894907979404,-0.055766488346573474,-0.48710612496918965,0.6421409183262881,0.021668963219888288,walk-stairascent
12.66,-0.40366666366422244,0.26154708828161727,0.883537460131498,-0.05129434662935922,0.7209250806007574,-0.3331174444419508,-1.1084164797411715,-0.01183148693605697,-0.07927227373168365,0.4662662234630566,0.31353086684900683,-0.2886168692472085,-1.1735989793046175,0.20881433363824553,0.050122498551728345,0.2832468264973168,0.46690186676221684,-1.211736886133325,-1.0344610498554212,0.14140801099416572,-0.0437367759169711,0.1099884975569734,0.05424308722472224,-0.18345876820396517,walk-stairascent
12.76,-1.181988550227554,0.6508018722550533,1.4250167798956224,0.25999197736848323,4.976262817511934,-1.2942066734705315,-1.8411090960620051,0.07395013595700133,-0.06531594982652536,0.5781644031665527,2.10000973018285,-0.9214423455207401,-1.8226198523390764,0.22921681057917156,0.24143049561407554,0.03178623443450941,0.12220543691296923,1.4598769835812062,-1.3774753182848845,0.10219304939718196,-0.5457813836144076,0.8223080109877119,0.6213902937925115,-0.27481629472205393,walk-stairascent
12.86,-1.2077407284244526,0.8014503762496151,1.4290149657459748,-0.5915795310078693,0.36029223359455725,-2.472039016202672,-1.6682865312685187,0.09791989341449979,-0.7307333633623514,0.38589656527297833,3.2099851728043816,-0.8255618026192029,-1.4267019411054247,-0.31655915539934165,-0.2452288834057046,0.7880329120460193,0.2778590322250586,4.208491000993828,-0.8163309590193373,0.0012058867226147226,-0.12453815323785251,0.42504506567341727,-0.794058971040367,-0.10729278690528007,stairascent
12.96,0.7793590370941569,0.6802475341709089,0.5287382675219109,0.3797260091082762,-0.920554839210884,0.6711120202611613,-0.20046420630521156,0.2823990339795106,0.3710105709395016,-0.23753700895588792,-0.3627955860964157,0.40461313378952496,-0.725435386099829,0.2684583718111553,0.1024670537578783,0.3980103946923234,-0.2956129039952754,3.8456725794524127,-0.7879756920646093,-0.0186492593012237,-0.1361056654896545,0.5003108811038741,0.1547225339700886,0.15814066044973224,stairascent
13.06,-0.5686950633863843,-0.21081230222989866,0.23605456948639997,1.1335480118423382,-3.3485600203000487,2.522884029064186,0.015803347591860376,-0.2649917323244705,-0.4333871556642978,-1.662273360088345,-3.888926670318928,1.3324751626767692,-0.09921254131811459,0.10509634734033677,-0.025269916870664887,0.40166540123863037,0.11054578747739605,0.7699566076940315,-0.8506266977824595,0.04487048775575987,-0.09953018844245151,0.5752612234893044,0.18544619078455096,-7.242487401096787e-05,stairascent
13.16,-2.40644075748368,-1.018110764421602,0.012626621848998399,-0.4611729381492336,-1.0685692431607943,0.9650007857655117,-0.14134954689772872,-0.25399547868090033,-1.7500346567150609,-0.7481975177062398,-1.1476119714602968,0.1599979833574135,-0.2578024829621085,0.4600619549739731,-0.008949910117008398,0.08971710749978709,-0.6415511838743332,-2.3909468046045697,-1.184110569253695,0.005211630325832129,-0.09064868323436112,-0.16394262072276805,-0.3316207762089044,0.3035749393099209,stairascent
13.26,-0.2668754712328621,0.45267932432326113,0.923429432849874,0.1888725266226065,-0.5561927317208673,0.11133179815659693,-1.2567245285080273,-0.177273892328214,-0.32487003689083027,0.11144444484085707,0.21546929440805546,-0.5678064971112504,-1.1521884506841327,0.3465740463192398,-0.10122793205863752,-0.10625737362120805,-0.7184459221525544,-2.073444053596366,-1.341648215313679,0.1640552702387696,-0.5055445872475463,-0.47921293381478786,0.39844224106391485,0.04312805377666688,stairascent
13.36,-0.3878327302640631,0.31668681851362424,0.8604992707044437,0.30754728317724017,0.07325034919631498,0.010636929352090974,-1.0526103806659937,0.019961196475319704,-0.41236152139152943,0.5347968098036884,-0.5005855565650725,0.47758630850852113,-0.8377416312271381,-0.07257902069446812,-0.004630095775634474,-1.7897617598356752,0.3670870721966669,-2.033630166512285,-0.7747563962869062,0.188427443258841,-0.11359539164177486,-0.7080223856444257,-0.25471607125149714,0.3167549056694031,stairascent
13.46,-0.38613681103744957,0.34067879554543096,0.8437442036972527,-0.03825174467282444,0.08323685751542784,-0.12906543931782935,-0.9446975905943544,0.09000756515948469,-0.20974554295570225,0.31402608173868574,-0.6809489576214818,0.052823106379844297,-0.6683592145442693,0.12166908396725859,0.2840090463146102,-1.3880047051102762,-0.011618259946395953,-1.6040418430489094,-0.7862123526496577,0.1357436538088507,-0.08807058226706413,-0.01640837327188717,-0.09215933948589008,-0.2855177913858181,stairascent
13.56,-0.3840832560555289,0.3401989504902737,0.8282972900072083,-0.11003761593664516,-0.11325611569852456,-0.09800184378587902,-0.9156005687958654,0.13263691255171003,-0.060685521547585455,0.5383257426883543,-0.17360535645736275,-0.11152672521011728,-1.0561294628954752,0.12642927814673968,0.15132309561590498,-0.3396290063083368,0.7119384941080047,-1.0458559960381641,-0.7330298465656919,0.1439259431756979,-0.06511853223360801,-0.3513020596651901,0.24101458397879685,0.11021410499818314,stairascent
13.66,-0.3520975441869201,0.32512838259610366,0.8696613231412481,-0.2298923926508228,0.5391673433793718,-0.332347400179302,-1.1703854560771847,0.034084476745980516,-0.07645261609410262,0.049817858424488735,1.1121272358333398,-0.6230391800683723,-1.1772618431691775,0.15278907518972057,0.1627981555835139,1.3714107130871682,0.26097110588038686,-0.5082516319888188,-1.2059791160995013,0.17021225194049294,-0.09152586634082469,-0.36951557617408515,-0.2705439054522068,-0.2534504868920122,stairascent
13.76,-1.157436513652858,0.5485238149487227,1.456803650267045,-0.24913955181639985,6.014998220426699,-1.8757268466805477,-1.9861162487578667,-0.09198044406803949,-0.09833965188084756,0.8155749731832567,2.245868794345817,-0.829555962329389,-1.9020836708179907,0.21953996343360727,-0.008662727325131455,-0.09868291908143142,0.26470396450733824,1.9071161416510751,-1.4100616407433324,0.14260448740587645,-0.45991394661418017,0.4541680307663117,0.8832977540570335,-0.16850978554053836,stairascent
13.86,-1.5032034483548888,0.7514564432780516,1.0807858171863463,-0.36301838049830903,0.3245867303891668,-2.6667680597467305,-1.400939720067059,0.16343108451943245,-0.9077912093587882,1.3259117387406236,3.0402788584818135,-1.030777302386784,-1.133716183591638,-0.1637125457418707,0.14464137429839724,0.03021933074238168,0.3390990971018096,3.9590033080300167,-0.7628428211637018,0.00019037530750602992,-0.1309368489849979,0.3269859039168255,-0.6088429441094798,-0.18886124955869166,stairascent
13.96,0.8418353386367287,0.629118530974268,0.7002313653430117,0.21903010918789131,-1.0184920001474036,0.8878744055082496,-0.2480890869304888,0.2669685500360149,0.44045927619490993,-1.164403128055344,-0.16696393362575748,0.12414990873690517,-0.7724612348187849,0.18869832301647066,-0.13614417180044674,2.036326136827467,-0.05077779158986086,3.3584821641634095,-0.8204346735244163,-0.08480589300850322,-0.11758450633207806,0.24276423782569073,-0.49355596687531184,0.21117789998358574,stairascent
14.06,-0.49304110346722557,-0.07765432597255957,0.274713799934002,1.0669940844295072,-3.560010070034098,2.4172303618865203,-0.04665441361254289,-0.1865585579128521,-0.3614115370424855,-1.4631285477364364,-3.9371684138541063,1.3290988229413967,-0.20550907310066302,0.10874484596698215,-0.10304901323556241,-0.7302630106343188,-0.28875088557871087,0.7658816629451176,-0.7885412081559234,0.04547797148580164,-0.07773751571218532,0.5426792283851805,0.3571927656009993,-0.15112870077107265,stairascent
14.16,-2.420141193640625,-1.2008554539747347,0.045421906769926294,0.10005395514154189,-1.6810996781266936,1.104798662671024,-0.1098205879421775,-0.3729251335674719,-1.8343881885192057,-0.7743260883393835,-1.2816046552433025,0.40057316254079717,-0.12861342344781215,0.47058775399358604,0.12080742232024166,0.05867725210196648,-0.4631776048836932,-2.312353429212778,-1.1833304978265975,-0.01016412739846049,-0.08235188553971297,0.07560430347986957,-0.23458615338674718,0.3388096132627562,stairascent
14.26,-0.2427020993033327,0.46867655794555096,0.9832952844369156,0.017762094337500322,-0.2765283073281827,0.07807235593891988,-1.2612856846429064,-0.27068411685352034,-0.36916486416133765,-0.12261363180850496,0.6023205734883187,-0.6302065318531007,-1.0816259152221608,0.40684857435451294,-0.2118580737954252,-0.4487412162497903,-0.5394076726608749,-1.780769280765319,-1.4440697828659754,0.215823511742824,-0.502766791910804,-0.2158677767639842,0.4576116658250096,0.12060689985227906,stairascent
14.36,-0.399421980530193,0.3194675119039504,0.8607718606017428,0.19915227881080455,0.08547543034532931,0.02298815837281695,-1.026329123772333,0.04419971220380236,-0.4588433468795259,0.4283472618139913,-0.56502676207759,0.36884703310896827,-1.0747680981799195,-0.016046676968515007,0.2067143391715615,-1.1912653539046913,0.23624238363351863,-2.0778391487706735,-0.7136441381901213,0.2021197044185202,-0.11707152122920808,-0.8498505334913113,-0.623946128215523,0.19937390478712702,stairascent
14.46,-0.39069407778450016,0.3292705531573334,0.8470889005125832,-0.09117507612071549,0.06293431641754206,-0.09412312261865584,-0.9337346468795685,0.055937731772342326,-0.26464505619027023,0.12942496422633631,-0.8110022798579861,0.13919813609654547,-0.6816515397571479,0.08877826387411844,0.0440844867876173,-1.350689693106321,-0.03418923178371124,-1.725642229228574,-0.8167530708797972,0.1044425588998977,-0.054909147084578426,-0.1685791712799777,-0.1644320249353677,-0.309300427523389,stairascent
14.56,-0.39159882133581747,0.31722773618950423,0.8379818101607588,0.025038828728400207,-0.04420325620003105,-0.08142747323413882,-0.9188745740969084,0.092218014281396,-0.12642693280884312,0.5562536511281496,-0.4531714906942968,0.07451981147125383,-0.9982605304372975,0.09642455441026326,0.23442983879283713,-0.1849514969366119,0.6707952966410826,-1.2731412449720376,-0.704816698851432,0.09387416219517483,-0.015319784082031954,-0.3496843518495606,0.36700324720729055,0.07518616056031467,stairascent
14.66,-0.3662339821076926,0.33379269698783187,0.8489864354028939,-0.05860413485489846,-0.05507704055844444,-0.04025206589564079,-0.9679645409976153,0.11354697820458115,-0.07756449435663106,0.09643111510458616,0.566975016729981,-0.3813341705381034,-1.0488515044059825,0.17583588679378495,0.19347352573227009,0.611671286614526,0.34591866739886395,-1.0419154672193236,-1.0422925772595701,0.1657787366223926,0.003239195513709354,-0.1997683237493566,-0.21574287597111758,-0.14205527690770134,stairascent
14.76,-0.3649647464021955,0.29297521066382115,0.9394415094283467,-0.2686416799367352,1.7477517673186767,-0.5228032926481051,-1.389745987170045,-0.12994650170007577,-0.15929526632594396,0.05135895815264043,1.3380445418105809,-0.9285721948281018,-1.363737842424357,-0.2374814582191223,-0.08431510843400895,-0.3529122218651882,0.23588725080964892,0.17287315247393065,-1.342640914440248,0.18095370887609188,-0.03419046213890199,0.08445376096470475,0.7077755149681766,-0.3999967925561509,stairascent
14.86,-1.9956173690025785,0.315850527436229,1.360118642956468,-0.17413992582807344,5.643566014793683,-2.749812206269206,-1.7643198285926025,0.21106883921614755,-0.6113363330975063,1.5676873367011919,2.433105619643331,-0.9115888941252821,-1.6429529892704366,0.26615784667110726,0.12531039441973907,0.29061211540276477,0.292367164819163,2.0053968828688067,-1.2405478825897127,0.028732700742419626,-0.47898966597105497,0.30192252533291464,-1.0065129443221552,-0.06220714339871849,stairascent-walk
14.96,-0.3180944062911804,1.2766940223985557,0.8820032606273234,-0.9799377429771938,0.7034254293819743,-2.377928747294254,-1.1092911226526048,0.10015559184461424,-0.14860046742465363,0.9991353909484276,3.0307275387057313,-1.4352526735600954,-1.0797510937345476,-0.17851161735984017,0.13599539428271107,0.7919738584835091,0.06726248536928449,3.3550862047770655,-0.8160662263368517,-0.0387499614412696,-0.11296479257737872,0.1094820896733462,-0.14084841017338232,-0.0756195818072728,stairascent-walk
15.06,0.9619769762894315,0.6127538680394966,1.0905862814777927,0.5463894814313484,-1.8805998551358551,2.002016913366161,-0.2491364674340403,0.20246818075940096,0.6218138646690847,-2.0167142568930387,-1.8397348642288598,0.8378974358244552,-0.6023197416289487,-0.0499737769840793,-0.2026805199873641,0.7579228989680429,-0.10744624946881118,2.3523631658028448,-0.6897798959521542,-0.05721305491552845,-0.06086202732384625,0.29324138606291145,-0.3579945121970283,0.18253828333470962,stairascent-walk
15.16,-1.0047942242131551,0.37671659001316143,0.9406764831701274,1.0283282039920114,-4.439172325685061,2.7870214466085423,-0.9476082898949658,-0.13326171374292675,-0.4759582992662768,-0.7543969079783486,-5.999180725913563,2.0086721564713104,-0.3096035493391548,0.03460306656854799,-0.021532946443771496,-0.2148112503580563,-0.6518309087269493,-0.23613632768719706,-0.8627178797595253,0.029614533848277225,0.006060274427831556,0.185209604048531,0.11270569441461167,0.1423583940095816,stairascent-walk
15.26,-2.7599860014825714,-0.635474028644884,-0.46301899669623203,-0.13774734866812224,-0.1806873416958285,1.9189766280094485,-1.0464754894874921,-0.31487369094219825,-1.8010285354504236,-2.03962152406391,-2.391564696781317,0.7454228231872443,-0.943541173110383,0.6070890739171111,0.11490800837808016,0.08769312961554901,-0.030560641944393452,-2.051146440936823,-0.9391636396953679,0.010101467471569415,0.040070788176628146,-0.12962653680374497,-0.17753273910227876,0.16178926821824874,stairascent-walk
15.36,-0.8778534647813879,0.08005511757837103,1.2771331962476722,-0.4371810440064624,-0.71877183205795,-0.26601509925782896,-1.3620430967017394,-0.13312002296547626,-0.027646257841738808,0.5758658205029621,1.029305501607782,-0.36286575113957836,-1.2989423284550814,0.14839405433977398,-0.12510689332011554,0.14055316030929457,-0.25413262554670324,-0.2454748289806517,-1.3864832775173521,0.13080139123960016,-0.20747026261926385,-0.2550176640255292,0.5711293362506022,-0.04081323643354278,stairascent-walk
15.46,-0.4233027034592979,0.34259164727991637,0.8299577848640689,0.08125641745277531,0.016518636594001945,0.09176063490957961,-1.0359279885775758,0.12030098410898711,-0.2128559432173022,-0.12875738944444684,0.33985997734019185,0.06511599602501517,-0.7616310425735197,-0.22534284305024882,0.18745546850967015,-0.9512984740365317,0.007685074624108784,-1.1904960032629457,-0.8186676296442043,0.1907480482640772,-0.08212418703550733,-0.8050132061394292,-0.772892658123134,-0.010804058205527189,stairascent-walk
15.56,-0.40794785329360694,0.3082914918296397,0.8458291166496412,-0.034275746911934316,0.0041075805974897595,-0.03770220357418365,-0.996708731932342,0.09506985821181857,-0.07995982360563089,0.1457943918070627,-0.13196991661019203,-0.0097544077895232,-1.0539196617656388,0.03219086665952912,0.009051462350942027,-0.13165269473111496,0.27193789200455626,-0.7656824211790136,-1.023527552272118,0.15652884354154523,-0.0944640290890276,-0.12295470406054476,-0.21597781215638925,0.10694149779282738,stairascent-walk
15.66,-0.41367683713677234,0.29856560373145913,0.8481591001229773,0.07072442207424087,0.017118066775635443,-0.06290886203392995,-0.983959487429795,0.06078554687060041,-0.057722271475691256,0.5284512094881765,-0.21584848678508445,-0.04004885549922732,-1.0195401878137993,0.07464695115418596,0.08524577498669053,-0.08436250799319635,0.2544383022345518,-1.0071005909970578,-0.8648772801380706,0.1716710130566108,-0.09822189470434525,0.15469592130236043,0.30470473625063577,-0.03099606396879433,stairascent-walk
15.76,-0.39427919363758346,0.3422952156132294,0.8423278097895454,-0.03198161506585121,0.07472482646771941,-0.10906539713636165,-0.914265980759768,0.1457940175067473,0.0651748217826339,-0.0740194205385614,0.22542648349961308,-0.2879694956211468,-1.0475630072456572,-0.08125782542615431,0.1972373812941848,0.03216587000408825,0.045988942134049346,-0.565532897453309,-1.1467768441315545,0.048638579007775046,-0.0989274742337825,0.6353733900810508,0.5013354779453312,-0.0190885904452745,idle
15.86,-0.4414439241980926,0.2787443717408967,0.8303464639373672,-0.1476933214524433,0.11041644711664107,-0.07750359949441472,-0.9710961187979734,-0.05692038390083275,-0.24424517841702514,-0.32052298315688643,0.34364895440046933,-0.30183634364516576,-0.8649393340290837,-0.25160592008175753,-0.0733827045668135,0.5138138314555067,0.12579914387728014,0.11791848779484089,-0.8664329266846984,0.10339280125681219,-0.07991707495408187,0.029306534399519173,-0.35431508137013656,0.05904433893708218,idle
15.96,-0.40300568235787226,0.3058252400579138,0.845523162696231,-0.01412685685764424,-0.08322662247766746,0.03205788526725044,-0.9914713265611376,-0.003392997403584286,-0.0543791020430963,-0.07776088205714868,-0.09898098842665472,-0.04291503143885077,-1.077907927842038,-0.08265965752318563,-0.027368458304167648,-0.33812004053569966,0.131870904636073,-0.3180371534170487,-1.025528686796048,0.05194472113014219,-0.12609351030256716,-0.2749258024264172,-0.13780857132735894,-0.13360059022577808,idle
16.06,-0.39404701254559155,0.3238227744841124,0.8522366436759267,-0.10739058488573519,0.0012994670821759155,0.09617948400055391,-0.9734213170398369,0.12563398521790786,-0.04438706605308167,-0.7844912488427833,0.41845112541651674,-0.23011518582179552,-1.0668995789696059,-0.048387484356068586,0.22748249766475276,0.10633478000491589,0.05681511269793308,0.002265308167444249,-0.9643368540686972,0.042789961942884994,-0.07898123300838267,-0.04911266514547062,0.06000132444207558,0.16299450938579438,idle
16.16,-0.39534275710400985,0.25818291044685326,0.8763633562520742,-0.2848705847932812,0.20545037744942413,-0.14962679366211437,-1.0204010071348466,-0.10859169614312207,-0.20912397791167464,0.0825545244916432,0.49208412185672296,-0.35548770575704425,-1.010141434625362,-0.25309063941634724,-0.33109783850144836,0.6904556332679392,-0.23527416638890938,0.8905836325976424,-0.9399091273151147,-0.03989275487237127,-0.06309092137021091,1.0226266337201202,0.015689754845646237,0.16804185808854535,idle
16.26,-0.6047383105258879,-0.2701115256536327,1.1688809869168058,1.2277224712328323,-0.36014425008507506,-1.88859146785047,-0.9974444418225069,-0.10363136620905052,-0.2921421653009633,1.8695982326478835,0.03244341443830996,0.5566379020155141,-1.0770010340658993,-0.14951774924659617,-0.25119027240886926,-1.5726182123871557,-0.012667532121191233,1.0831020910318299,-1.1110929365025508,-0.045476180485380734,-0.13746954953370552,2.0729207242339553,0.2401728643675951,-0.06102410312559896,idle
16.36,-1.2364943000917767,0.0583436773892233,0.14465477668599042,3.1266570951345463,-3.026929513784234,-8.624732914693944,-0.7358655898765251,-0.18144492084494737,-0.6119947540631031,9.773221678742658,-0.04707878834332464,1.6208173295893022,-0.7807447110782284,-0.12465701238599487,-0.18956607591269511,-3.1602494596317645,1.1051810935377877,0.5821983798313554,-1.0255732260706645,-0.009760632014075225,-0.03315423543371957,2.2706379295750567,-0.2622085531950906,0.2007322394392605,idle
16.46,-0.37180242085037957,1.030290112195749,0.8302627030365167,0.6244649047721429,0.13836040703307834,-0.8386270726017768,-1.1699382020716154,0.4763056621520076,-0.13710423153615964,0.9111434532069831,0.3864622471947619,0.5011188601044019,-1.130235294726098,-0.17346648844094933,0.5950975129027138,-5.738499391561253,0.664789235619027,-0.9132223714009214,-0.9384516720896757,-0.07515660027830169,-0.1392756210609158,2.205330291526532,-0.1142390068905981,-0.04584089850672412,idle
16.56,-0.41848897152325104,0.20861743190850296,0.8744574114461017,0.14479242676939413,0.10500958416414692,0.12068041695962095,-0.8773023312173265,-0.09096672433720762,-0.27265704839258076,0.2505402814458531,-0.290002024513588,0.42428807766007975,-0.9564724480604229,-0.0328897085386311,-0.30310365349147833,0.5064415817058314,-0.8646104148326188,-0.480345197225048,-1.0989344563624033,0.1237204573639981,-0.15535166648333076,1.9710393429755872,-0.6552186187868633,0.16994267686360354,idle
16.66,-0.4319518186534027,0.3130198483689504,0.8398728078541154,0.24701366204253133,0.09624620730698488,0.022291886401721115,-0.9464528792022342,0.08431250509562524,-0.22984774799344568,0.05576449149230844,-0.32828529965493713,0.2528797516680554,-1.0403540510119815,-0.17658102045112656,0.42407555809652175,-2.6134980297811756,-0.6646820498056616,-0.28359452701778576,-1.0321546387228127,0.07132772671093181,-0.05313945249946887,2.268612543751834,-0.09508191787080379,0.23167148893451422,idle
16.76,-0.4230066147102695,0.3387046324096194,0.8266652302683664,0.19649779167446477,-0.013843259949438785,-0.04621467456222296,-0.9478790421769018,0.1871502655365289,-0.12931212849973833,0.8500250446271899,-0.27230734596595974,-0.03555244911654234,-0.9600964162958616,-0.0914034368078622,0.31556686623852415,-2.0391556316030375,-0.3561126646444296,0.019028361592641523,-0.9218603363915218,0.06958364703406941,-0.05386898061797587,2.543459418206222,-0.3867138250107687,0.30592662790185743,idle
16.86,-0.4210681358965894,0.3329270687669003,0.8366415838178742,0.03240017095567548,-0.057985269626469424,-0.09239990263792067,-0.9842829041086812,0.0912699632497653,-0.14879334297858077,0.6060281517648439,-0.05328787227449553,-0.20665894438616378,-0.9897559833623835,-0.052788407903925715,0.12949545773497528,-1.8983853547442766,-0.2950404956021697,0.009939416900627893,-1.0016420161729,0.16669197720954604,-0.06602541491772694,3.0374966450268115,-0.6356526665052071,0.08891379538220592,idle
16.96,-0.42616929580150587,0.2570573430624113,0.9397889151360868,0.35113416738844966,0.03671465567711172,-0.3274159353427316,-1.0149593955303033,0.017772929801605754,-0.09126546462496804,0.2929725426401366,0.28696607885682984,-0.4393094714326078,-1.0734390550419746,-0.09061560322564866,0.23375333232728135,-2.431951300002761,-0.2909475721206003,0.7953940948489433,-0.9989100487173482,0.04292734693085539,-0.105459568415463,3.0198289787681682,-0.10890213309570809,-0.11725387961407678,idle
17.06,-0.9624584302429385,-0.036162373189553114,0.8784132454458474,2.054164595896446,-1.9237839659050473,-4.8028102479048655,-1.005445285067484,-0.22383027639599842,-0.4971975087985376,4.253837551256845,0.3692728489685632,0.4641243920575274,-1.1353042221540326,-0.20896837624444972,-0.18200144573086519,-1.657163958327449,0.06236179835741693,1.4331415097845766,-1.0452874026267944,0.05186115065296446,-0.22701819936276393,2.493288379077316,-0.048425952516610894,-0.127270690884036,idle
17.16,-0.7935615709526468,0.1524234407201224,0.4817146477662444,1.6917069529664008,-0.8376123888826555,-4.937922395733066,-0.7706914060684513,-0.11330733869735901,-0.5099465333734551,5.375559784117153,0.7607400530352963,0.8236088687622191,-0.8832268228277871,-0.18007394544549443,-0.18196838638056984,-3.3151623731789597,1.0103612336734606,1.1573540897597177,-0.9921288607226539,-0.00199274452580962,-0.06806611379495973,2.3758092296605087,0.10846793851689225,-0.10521939506133648,idle
17.26,-0.4374237155186786,0.11324314165870386,0.8601664802505266,1.5232244881182377,-1.3444178689261006,-4.127318646382111,-0.8208915129767655,-0.18839830783161343,-0.2516014655955259,4.8861598435067695,-0.06059980594025362,0.5869676681088383,-0.8597845767397324,-0.16086458641054635,0.16196247607620787,-3.0686332094389788,1.5675785020256288,0.2697399468398253,-0.9734977684773757,-0.03518289669914642,-0.10667130418033784,1.940698274312306,0.02122092155367782,0.12820091215434407,idle
17.36,-0.6155661209002175,0.548731751517354,0.31159432163258866,1.5181049074492792,-0.905597675206906,-3.941415680236239,-0.9935921168452673,0.14512820810488675,-0.3669980526151216,4.6260274663165974,-0.8715119048244159,0.7863254690031136,-1.053813016973782,0.1600354934978557,-0.11480292377735428,-2.3254089694177855,0.9345230901209968,-0.726499638888567,-1.014178170925889,-0.11030713300462351,-0.10464920728875167,1.495361215523502,-0.003963772778582564,0.1110252722461581,idle
17.46,-0.6458299980309292,0.6648401525881322,1.028580142858034,1.0164476406627134,-0.26359505359534563,0.16114981911576154,-1.0802066729074824,0.16547663890948097,-0.08182869481265753,0.4005336484348086,-0.09654930935316128,0.4868079662926088,-1.0490178651474609,0.07632812637124092,0.13812839614735975,-1.9094914541566517,-0.18868318149336108,-0.6828388533832248,-1.0187855130698302,-0.04625560126984668,-0.09977394938826321,1.292092165074439,-0.08766781756393921,0.06315723248346435,idle
17.56,-0.42397801354648995,0.28480942593040093,0.8570318739471835,0.19911138053621605,0.013650295299896309,0.16842886631944592,-0.9475770330483273,-0.00420936984897705,-0.10187645161273022,-0.361537857392096,0.265216463763257,0.4966558228080372,-1.0066437933174435,0.017899562032807036,-0.2078387685274699,0.2367603301638516,-0.501720046626726,-0.3450180326667237,-0.9477361273744892,0.1678149113374573,-0.10806701304135449,0.7652793555317582,-0.07691677510832157,0.18556882315501708,idle
17.66,-0.4018122732534602,0.3033212332656563,0.8613123305409323,0.06442737796619699,-0.007221657185880784,0.02391823797865101,-1.008117045306818,0.0473510897237059,-0.1585258314326462,-0.012915693528512306,0.11349644079515538,0.2060282290936381,-1.0620612758201362,-0.14733402739788914,0.37517302966299415,-0.74812445774117,-0.36980667077374846,0.033009751140205865,-1.087436126390506,0.2583451025862973,-0.06831000319640387,0.4031626181035962,0.2762684160528095,0.17884655255446633,idle
17.76,-0.40102292688669,0.2915513646430136,0.8568033730000517,0.03344979715613657,0.034810747697163705,-0.04874232730162541,-0.9871362657074186,0.0030682439880664733,-0.15315298104921357,0.4229913563964372,-0.1614016946699494,0.04177658492809624,-0.9523315108580304,0.09737868068500445,-0.005237977085383728,-0.4182077546453148,-0.07568581628797424,-0.11499149402596684,-1.0222264690610094,0.2186822301265882,-0.005203500197428203,0.4383718934445054,-0.2777167449846506,0.2881034992738423,idle
17.86,-0.39586349428676393,0.3053448276096341,0.8541088110811474,0.01769737340979505,0.03264080698011457,-0.03493286022127694,-0.9670139743502135,0.039465833657578865,-0.02875506479020798,0.10035401637072368,-0.03669976253169406,0.016990054855100696,-1.0616339180688537,0.13919729229580188,0.028655852522100806,-0.6286815486978,0.03166057413485475,-0.3396147289989014,-0.9430281857311679,0.1485637176357723,0.011758127222041776,0.4977208007423209,-0.6904923377677721,-0.3553769090572877,idle
17.96,-0.3915352199422695,0.30928916169890425,0.8659602786269168,-0.16370249519873709,0.23680699366560617,-0.1228106478598974,-1.0026325081777954,0.02248373491559389,-0.07225501356504795,-0.4472346762162007,0.6796623002638729,-0.3761968815883496,-1.0601601189132899,-0.027484051736138427,0.1734682161104977,-0.24066667689843343,-0.19747871831454183,0.4157261316868091,-0.9775901270488132,0.07749500306306376,-0.037238193244685136,0.45671008333797597,0.08851070637797068,-0.3617570620580517,idle
18.06,-0.4814832090885767,0.27813851359405406,0.9041624156331529,-0.3516856159662913,0.7009924143077355,-0.015028309713813437,-1.0018830331540278,-0.04299856571672157,-0.26405272308420674,-0.36038130579202987,0.4558827990466689,-0.39109745492225,-0.9926530948708949,-0.0888527983986037,-0.03315237154534916,0.5269994816320708,-0.04852682897548239,0.7249731504376701,-1.010031274454256,0.01834732645733444,-0.09054355478208861,0.27252729073685217,0.15723748060883563,-0.06833331024254166,idle
18.16,-0.21102300788520417,0.30895998699979355,0.6558018320486432,-0.38793368855973803,-0.2868659758753961,0.35827719620003745,-0.8429178559581934,-0.06213801920453822,-0.1472657768244107,-0.35921552299404047,-0.33983355036845947,-0.19125465501359232,-0.8491082014734636,-0.06729034829395376,-0.06815822114966538,0.3300389868661336,-0.04512983079226068,-0.31843061055798083,-0.9887385155251396,-0.006885513869755125,0.0008883430618092103,-0.124037457947261,-0.13688661278990483,0.15735231473441091,idle
18.26,-0.6599577703336529,0.1803292177357358,0.9710335185495358,0.19512318957070857,-0.12662471807136835,0.11435665399886659,-1.0434505038024944,-0.07905902127657899,-0.3516904245794183,0.2199359230005827,-0.18833784634481204,0.12653677414031952,-1.151853150273451,0.05086448856742097,-0.030525316483610787,0.2232559137169098,0.179933694774206,-0.41091386121230233,-1.0774651663155872,-0.0050016188206315065,-0.030654833852065612,-0.3569238938662902,0.20582347450991828,0.10287448848572558,idle
18.36,-0.4247658054676721,0.26399585693595073,0.86056425237444,0.08025103130437024,-0.01218357597462841,0.03594631918714965,-0.956876378622247,-0.02752278318488472,-0.18453591026914004,-0.09150913184066822,-0.21592652995664102,0.15056458569875353,-0.9105696807783819,-0.11094351337946728,0.05305437272439616,-0.4321889699787948,0.007746490759557611,-0.31945160068705725,-0.9586541803649121,0.03688661379760917,-0.0073351450238409764,-0.1704099916850228,0.05572961976052283,0.12675178845930474,idle
18.46,-0.41751961339221594,0.2705413103142833,0.8617938361284804,0.021340480848853798,0.08614125552127734,-0.012514275424323758,-0.9879097583345569,0.009451029916215785,-0.10598464833564825,0.049064155560525444,-0.19299842209309034,0.16860718166138838,-1.0515750645709845,0.0295107713871541,0.02867061352215321,0.0012660012262098925,0.0672820466229139,-0.39574059235183434,-1.0224084428855469,0.02163130066022183,-0.012586369608768161,-0.03893062118449129,0.014395468841254495,0.08131761537214888,idle
18.56,-0.4117362139875387,0.27966651527907954,0.8514117833736782,0.012744242609370857,0.03693707260530369,0.004682697557867474,-0.9450438361328686,0.023292831353364303,-0.09410958181693657,-0.18840189028419269,0.20660507588379393,0.050347470897193124,-0.9888371673990519,-0.0033941711400385976,0.03327060086284293,0.35139268030858656,-0.05604920201653638,-0.12150183387214923,-0.9735121592995833,0.044227706442869455,-0.040708682702945656,0.23759261362168632,0.015065710223456175,0.08338778269405935,idle
18.66,-0.426066837902672,0.28998952672789485,0.8470933578314213,0.06540806523980466,0.007966468514750068,0.01089085697837352,-0.9639030902170942,-0.001857272550617906,-0.21580035619302568,0.046488559036332755,0.32803789936596905,0.010703293364155665,-0.9766135846548405,-0.09779598445585201,-0.0863172444839159,-0.08525979810602127,-0.19250575803213119,-0.004505836350140312,-1.0281468174019173,0.05672961234224498,-0.076471819439756,-0.028276197708542932,-0.22084210205664564,0.17498123729675363,idle
18.76,-0.40247482982938676,0.29384838815004966,0.8586999979391312,0.10749739225723765,-0.041727453824654585,0.06631588513776074,-0.9615674932996369,0.04968883411768936,-0.18701075689737828,-0.07488588307083366,0.36776982855946405,0.07053605105350474,-0.9732207347087684,-0.11287614853379477,0.25538244017165784,-0.6529253225192158,-0.08112919295292996,-0.020741668283369076,-0.9457536130620937,0.23022992662152783,0.0817258049686207,-0.17956969522457827,0.03322570303383496,-0.013177960084107787,idle
18.86,-0.4045545856045855,0.3043085790748009,0.85639646913171,-0.03727535157844067,0.02959590450189493,-0.017669517317307586,-0.9962618328647661,0.0010519165658948344,-0.3391440738665942,-0.03551369752254174,0.16889807430204104,-0.08330570454638055,-0.9632611512742384,-0.13515090330771834,0.12692182791437934,0.08607590799240675,0.07569862876291628,-0.3349973784108494,-1.1073843566601247,0.14535981374729515,0.11271254001046516,-0.19383739499644834,-0.2741416906994746,0.0960238787491816,idle
18.96,-0.4070919916872725,0.2917764012751821,0.853465155743916,0.005791883078587495,0.01437185523164145,-0.06203978960378359,-0.9362810915260116,0.02261355480720332,-0.21463602908874052,0.3136468175333239,-0.10486643388149001,-0.0009630501551149265,-0.9712308373675851,-0.08422228997401728,0.050907190800600396,-0.5654840616314103,0.22470419115747706,-0.6314899057884719,-0.8458557774904076,0.13735637991405417,0.14468903466764935,-0.16127310931683356,0.026339732886543905,-0.11817686430500438,idle
19.06,-0.3855861135871145,0.3199898504772293,0.8493783785415527,-0.0408928515751741,-0.059534697536820634,-0.06391905279970257,-0.9091889747500111,0.11600958565769451,-0.10466169678011346,0.11048194592960167,0.6698054937903783,-0.3617849238829952,-1.0153675627170393,0.08270460976545854,0.20619686584644265,-0.30741531823336443,0.13471646724468828,-0.17696701943068566,-0.9630634796200891,0.14093334303825628,0.15547201455344914,-0.12085709956503854,-0.14131641278886048,-0.2534760213822533,idle
19.16,-0.36795280751527515,0.30258320112488796,0.9175979523871296,-0.2996139820277826,0.8984775311501506,-0.4186856493131792,-1.1856324136158523,-0.09235222878313971,-0.3046566618896656,0.08832659810994947,1.7988163860835893,-0.8938522328125755,-1.1260124327103551,0.030016738349110388,0.17312387710274435,-0.41358332140949416,0.07353167839534225,0.6489001487693076,-1.0275651090774736,0.11579924678488818,0.1850040020276221,-0.026206062841713784,0.005368326744723494,-0.331448893927764,idle
19.26,-1.0116536853434281,0.5606257456502809,1.6296208250577737,-2.4030379390544176,6.59643302007216,-2.6110404979144177,-1.982702981912405,0.12185838670852966,-0.20873674216875396,0.8715306536198824,2.9561018798801424,-1.281174973038665,-1.544619778754869,0.1616417589436864,0.1427947347922819,2.3704006545860956,-0.003267828841944498,2.666386001541972,-1.1911232781981431,0.006193666126021483,-0.16338603221032627,-0.04375723270656173,-0.1082548840626422,0.07174794924621682,idle
19.36,0.06818308523461585,1.109982074630304,1.194105579127106,1.1265067083701261,-1.1919427727881602,-0.6328755270597902,-0.6574278126945559,0.34546266728037456,-0.035293613109324926,0.7703948622361062,0.13834346420579877,0.6176169867801118,-1.2526127965750138,-0.045101421922838454,-0.2666516689818953,-0.21824444294835033,0.7711451255438728,3.2271412526107994,-0.9968993059482699,0.07292150394109194,-0.0012444240201154512,-0.03566503964366008,0.10319143237758241,-0.14086291625193892,walk-stairdescent
19.46,-0.2709549360661599,0.09184361916283247,0.6409436362119931,2.2037881844966294,-2.868526433805674,1.7446379196801107,-0.528804524897545,-0.0482244904139878,-0.25574505153785926,-1.11216597953416,-3.2470390902142334,2.456481451502186,-0.48892110837324176,-0.048373300327195175,0.21125371535528722,0.011247358569837307,-0.19769518546886108,2.007803985344884,-0.8667893242504393,-0.17146215717890387,0.06816328967023698,-0.1622262378717885,0.016019057765456444,-0.01964813718798821,walk-stairdescent
19.56,-1.38356576130535,-0.49522368425471824,0.252039388539259,0.9785402520235976,-0.4026313846345535,2.272360111903819,-0.7173182121481373,-0.4397334410939785,-0.9311976215250237,-1.4054106236835855,-3.56816529464094,1.6957943689304051,-0.25983865849643306,0.18348429255915563,-0.07882542963071854,0.33982084167370064,-0.358779914701734,-0.4802962432640615,-0.8011019297616073,0.012087562051452873,0.04144821635729754,-0.043055279272961725,-0.2702040512647308,0.14330628201486925,walk-stairdescent
19.66,-1.5303136311242658,-0.6413413050074035,-0.07808331195026912,-0.7196245143670461,0.3939479777618872,-0.23556771543825258,-0.6666246168761168,-0.37854975017960807,-0.9729165732753362,-0.21635545095067074,-1.369592122368419,-0.31977942518108965,-0.7251654261929199,0.5286016319030329,0.09169348737866627,-0.9506432250948805,-0.4692013839781805,-1.421337400454858,-0.9165164496672779,-0.027607317135348954,0.19226481708057155,-0.27985875806413907,-0.448865309284912,0.12452532642210082,walk-stairdescent
19.76,-1.2821464391103328,0.2917220293769252,0.8681711667890862,-0.8839875931591765,-0.7506002511595151,0.17368348894310864,-1.1849634489713803,0.04101177964645937,-0.4247517594875867,-0.07596087579560748,0.7231775728684903,-0.6346454050957331,-1.0976845613393595,0.22232903325450043,-0.002984371230770842,0.6049404149380591,0.1448907878469146,-2.0961236239960153,-1.1054591960650026,-0.09840598831099194,0.227273329832461,-0.08168871845901227,-0.5863100193583276,0.24745081079059017,walk-stairdescent
19.86,-0.40620437110771446,0.3436109575531872,0.9810940733665966,0.05820191089473111,-1.3687078774327701,0.42335473226143316,-1.5195321143130076,0.23928637730816926,0.38683570640679593,-0.4989763068545526,1.4067228114760035,-0.4041405064802864,-1.5162896424672794,0.2085695179496036,0.024601579161469413,-0.21681953158755127,-0.7218537875788986,-0.3147344706553767,-0.978339060397422,0.26066704452958633,-0.21627122062825616,0.396410302607521,0.6335544363322659,-0.039595180377229235,walk-stairdescent
19.96,-0.464661209279579,0.3700994919023672,0.8053853150590422,0.1794135236484176,0.10056650709732459,-0.008073774678607013,-0.9728481430917544,0.022813536391731403,-0.5288138406904297,0.24451415950609862,1.0631586732163758,-0.16565065264728054,-0.5378422703540856,-0.006890229975855948,0.21375137522701348,-0.5920550786446475,0.18665425041540815,-0.37741214787807775,-1.3546988936131732,0.10946819148559928,0.16164656395092128,-0.09724193981381116,-0.0490490314054017,0.04359359251864243,walk-stairdescent
20.06,-0.4252388906934286,0.2997340253424065,0.8253597311758918,0.04892395802796006,0.06590103671508024,-0.05881686508074526,-0.9150312290827601,-0.03700452731788219,-0.2962572042574746,-0.25391337060178365,0.557044498025353,-0.22970316101165764,-0.7575587184642469,0.1714407662219513,0.07791972267502227,0.5110732470054847,0.32344291357361343,-0.2655333465135586,-0.9785845539807434,0.14931568975912166,0.1352417332558785,-0.08184263559238107,-0.39539057301255404,0.030991358729183804,walk-stairdescent
20.16,-0.428520296237211,0.3098857121458879,0.8193333725198203,-0.10999169214498325,-0.0762087277175263,-0.2250979573018951,-0.8655985738150338,0.15719388578143306,-0.2627431632105626,0.15424188913686693,1.0943114352520507,-0.43698376340897827,-0.9691708537869166,0.2688824329863968,0.2082469555757184,0.4389835637196393,0.0193823785681802,-0.45520176032889814,-0.6758810688677814,0.0975777597370334,0.13532187783132452,0.19365969546924067,-0.1559728210891828,-0.1703830789602649,walk-stairdescent
20.26,-0.42794678187841695,0.28297312824124055,0.8462746104093123,-0.12489185319906518,-0.12930583478163063,-0.4046541261773505,-0.8233632921061705,-0.061210227722415154,-0.4831977952250637,0.16483524869539415,1.6094778634915052,-0.5679868145331002,-0.8312421880138073,0.09027262857135443,0.2053449808081648,-0.09111892074876493,0.1455018997163919,-0.13679541082122332,-0.7766788464404163,0.20869843705685018,0.22817108629908955,0.29987879106973975,-0.27873566693051266,-0.24651498216935996,walk-stairdescent
20.36,-0.2790204935472113,0.4813943161452559,1.017145008435288,-0.02459917869488066,2.3317768385791817,-2.4741665187296684,-1.8260271859655774,-0.07823728953381354,-0.53182291161727,1.882138526328052,2.3208680287146857,-0.5106632828023284,-1.1664805715762143,0.3480716959428859,0.13936924973162051,0.07440905896519315,0.5038156298349016,1.1748955230661433,-1.0412441835055255,0.02686173021964996,0.01329287863659161,-0.050719317725526125,0.33841273745233497,-0.02980593258321475,walk-stairdescent
20.46,0.3627207531961749,0.9902009366773724,1.6311645993448778,-0.9157626556115481,2.3462816818175805,-1.6316971887009313,-0.6419720954319208,0.4338045126366986,0.2724094366049892,0.6089047228242902,0.16363625577566113,0.22273632115526762,-1.4136024624484953,0.15193505757870066,-0.3424036930134342,-0.3072452471494541,0.8604878338875972,2.886709698976128,-1.374148472895292,0.0364548356654741,0.1837399813057094,-0.07422364373078709,0.3766843327186167,0.17243860357876653,stairdescent
20.56,-0.27279305291534517,0.4921587499084441,0.37753703623350976,1.5256333848612398,-2.6476693346328735,1.185297503274796,-0.5980646839394902,-0.21513279340015362,-0.36388272860041554,0.07353902727476616,-4.008189719438064,2.4139846889810435,-0.6218128243882826,0.010717902567568691,0.3363755118599843,-0.6090914523502862,-0.007548297171400953,0.7962519253424178,-0.9996215837412846,-0.07850165928856734,0.05491407595743385,0.2924109114445833,0.0779871340146052,0.0014817817618597866,stairdescent
20.66,-2.110114416200786,-0.8091984291305913,0.3244101068058468,-0.4137681958102373,0.9105710477991419,2.240216213091084,-0.9575757417945068,-0.42755632377481606,-1.3425623827776887,-2.8002741018960546,-3.3339003684408715,1.1915202793939037,-0.19049986438679184,0.3453069761127158,-0.025285734761085032,0.05384909304941303,-0.3254209294434523,-2.259378492813191,-0.8082760776864184,0.020389242591937147,0.16922139615740825,-0.02351785574752879,-0.27057481570236275,0.14792738951582637,stairdescent
20.76,-1.5727481890094377,-0.1615500486113678,0.18271264016768013,0.028706353476847336,-0.46047968076439466,0.021429584582815474,-0.7922133883756025,-0.17877647970899252,-0.8192761481836838,0.7624400723737011,0.09079221884181632,-0.18344710283362775,-1.2960462324127024,0.2446308872342165,-0.0824780044652434,-0.2624773803624888,-0.29867492490470304,-1.7677884979802152,-0.8456128343349556,-0.05122939827522023,0.12850348876479,-0.18510371801345188,-0.3544255998313939,0.05497595030117906,stairdescent
20.86,-0.3834020610900607,0.36773106728422206,1.0307793197890875,0.1699456993756979,-1.9835056397433941,0.6784315199357935,-1.5930116501234024,0.0706160820458859,0.3582652674265967,-0.29108362776101926,2.0435514061915923,-0.7402978293155378,-1.1476912076000028,0.10015377066717787,0.17438318978867368,-0.2968131532341245,-0.27704991279490343,0.22557689083837668,-0.9175877702904052,0.2528320835378758,-0.032820779170775034,0.03981444154917999,0.6867446997295823,-0.3680306878076919,stairdescent
20.96,-0.47226489995940935,0.4032883082346143,0.7707598440635888,-0.06621230580812093,0.003702799301181628,-0.041738928419452745,-0.8562848557298253,0.17897490680138953,-0.7037243806891873,-0.07835611570676784,1.2878252721637267,-0.46070968742432594,-0.3721380970806365,0.06459062707752675,0.31873640018616667,-0.1984681497867325,0.26983981259761797,0.1419853449297468,-1.5092019835574528,0.10553992625630297,0.15584667042741732,-0.07059218276378834,-0.2867726610291064,0.07046819512935965,stairdescent
21.06,-0.4134611745488986,0.2430636443424968,0.8374358008600133,-0.25746528561067744,-0.047943221978579746,-0.19118914620014557,-0.8647375063330237,-0.14033692768435013,-0.4140867211732261,-0.35417370650412694,0.70148654289909,-0.5700087231705802,-0.8453818111116682,0.21390168277961802,-0.1399048838611572,1.7785994981352011,0.1284779441755009,-0.6372459800717074,-0.9009639161582423,0.18386893429039208,0.19811651708465577,-0.33945035717994965,-0.17584153145179943,0.3293685717839065,stairdescent
21.16,-0.4256200568774739,0.2840748725730981,0.843954251256376,-0.04572338635369884,-0.021968114017088668,-0.3473915669233759,-0.8034767454241036,0.017603089317109383,-0.45934542990857086,0.26267103053082624,1.24282419319858,-0.4581336053931537,-0.887428808579126,0.18061224809708562,0.19681722660732015,-0.1714500108161951,0.28172324281954947,-0.4248006062152867,-0.6839613953145502,0.11594644574676471,0.20129332909703096,0.004927472827109325,-0.101121322760921,-0.3188745288567541,stairdescent
21.26,-0.34629946712524085,0.5184182770509593,0.9695479483424787,0.056982634959168256,2.7366000832206163,-2.289538394970336,-1.7950327370065995,-0.0768017638398916,-0.5144542974493279,1.8491895282396726,2.410309311241017,-1.012603327264015,-1.080046494022598,0.3329367917276108,0.3207963362025936,-0.10084021388220066,0.19915498649948174,1.1124392700692747,-0.8283798370023311,0.08502950572988087,-0.05439916479655469,-0.12472259526317872,0.26899356984104805,-0.13190875918728398,stairdescent
21.36,0.1420571812128888,1.0660939870726838,1.517756272149055,-1.7478433189504137,2.885084400816686,-1.4459843374498873,-0.6289373342885535,0.3782866751982507,0.08743258376737922,0.37827469582242795,0.46908675797670885,-0.3425245367990342,-1.4649108584632609,0.16859784589271953,-0.48038608485825673,0.8421790947448085,0.575180259184789,2.5622306870200626,-1.5235939612730882,0.02522413436960027,0.10973341197714773,-0.22537106549681218,0.040791260032734776,0.14363165231849412,stairdescent
21.46,-0.07479906261745664,0.3687495141156219,0.6008781809411959,1.7403412848189106,-3.097969973466499,1.4869012041871907,-0.581318672458681,-0.21180688385679866,-0.15753437352120608,-0.3755860563346676,-3.697717306839021,2.3666419596778008,-0.6800551671693478,0.0698055946847944,0.2517640788210835,-0.9856876114436093,-0.13519873061242788,0.6690256253400176,-1.0816552822253727,-0.19054207399737214,0.11949421266221694,0.12702900800376904,0.36203958327858776,-0.027203811867262128,stairdescent
21.56,-1.6792083048174795,-0.30943881888890185,0.49330462403872666,-0.1411575371981704,-0.5128877542919841,2.25625888435127,-1.0393056903407345,-0.4493525182952377,-1.0593332448371826,-1.9290426297382268,-4.074732151247177,1.8668098425039648,-0.2275567630068514,0.1663423596300017,-0.1281269414268918,0.31919973609718605,-0.1527152036004814,-1.6671238211315678,-0.7142365817986256,0.012458756279798155,0.14624549914998336,0.25982958284288465,-0.24367515901264514,0.08903850129959176,stairdescent
21.66,-1.7137876738094626,-0.5767312042293489,-0.3503965475305436,-0.5091381907277674,1.3617064834897545,0.11329627313256665,-0.7485893575860534,-0.32156916527276985,-1.034307553929207,-1.0139422606132906,-0.33547184392457385,-0.1930106624145353,-1.2405940015137091,0.36268283760346626,0.1117737291933778,-0.5325210679079257,-0.17495609438776444,-2.120027821311143,-0.8254917627533034,-0.04367517602723484,0.12138025497720437,-0.11677392450575919,-0.2579546910298119,0.10599325109837139,stairdescent
21.76,-0.8203574113085008,0.43018491330579467,1.4171083099953445,-0.03865723599442442,-2.6533391751615243,0.8956158875727647,-1.6651102741698018,0.19780134167943592,0.20907631163822088,0.2704929620226326,1.9594269833002695,-0.6701179910800725,-1.134105679905565,0.372484779851113,0.0429445638628347,-0.8216785372058082,-0.20920316409506817,-0.3612488903496143,-0.91667456232754,0.2518277440925029,0.012358449577811684,-0.13671839935324376,0.34027077976725917,-0.28482256174636694,stairdescent
21.86,-0.47449277432618403,0.28046337714598824,0.8166276139984152,-0.028412117762233367,-0.012813542248830698,-0.006674973319286209,-0.7889288378642705,0.04363935132298815,-0.7477154395759438,0.07065319048907845,1.5976253974378711,-0.24237876901945382,-0.35333416038036003,-0.30290541818870187,0.11937950312504435,0.7690435070782582,-0.12429952866961402,-0.07820998317541666,-1.5358950044294237,-0.015854529695947257,0.14897049479214058,-0.2647600270874449,-0.2511487288616638,-0.09818543927916294,stairdescent
21.96,-0.42240957496751885,0.26713215391844447,0.8335379843074572,-0.09205566128291534,0.04347704065534068,-0.23752841779188252,-0.8242483227084287,-0.08783144968523057,-0.3922057018279502,-0.5005188557714537,0.7864917607317057,-0.32934178392239827,-0.8356416768464378,0.09610716306036389,-0.033007637762119436,0.9663204284785996,0.16252933974479103,-0.4073747679131333,-0.8605068018587575,0.1392770988503686,0.16424525113437988,-0.09895402534246281,-0.11144994611949946,0.2847151578381907,stairdescent
22.06,-0.43334553430233047,0.3344367861847369,0.8195780338778238,0.013337491186225185,0.004879893523134545,-0.6050321472703105,-0.8547436456468851,0.1577414857912903,-0.4266901702026358,0.8440587908962959,1.2888478864724564,-0.35330679359396383,-0.8837883390563246,0.1905203464822221,0.24704370672104042,-0.5186894915259563,0.029607574299459306,-0.4198943224139537,-0.678151966284757,0.11734615526566294,0.18954943056838333,0.0396548644888093,-0.019647035882688884,-0.38625778016353457,stairdescent
22.16,-0.3892779689318143,0.35827642099243606,0.978387146584096,0.49227143366909515,2.392095805819314,-2.103309390390915,-1.6224649500909165,-0.2339476698510357,-0.510087290746846,1.8964483124799236,2.6864114230874203,-0.8701066273689225,-1.0049555994884378,0.36916214936744435,0.3176270601835087,-0.41590842392309507,0.45797600587767784,0.9367032072700244,-0.8174408565672557,0.0721554053547064,0.09640261744771329,0.2049919001173573,5.301805195674358e-05,-0.03249917944144161,stairdescent
22.26,-0.04509191538998307,1.0647897151759003,1.7201090618398278,-1.6964169964638767,4.247289284934432,-2.5475400944710884,-0.9873324501542491,0.2950530929944981,-1.3660877793066073e-06,1.0387813657736102,1.266224379147133,-0.7914173914461384,-1.7461203248410002,0.1064516033673935,-0.3487620389735825,1.068085505683829,1.1516409344192962,2.2856797497217824,-1.5824060334822072,-0.022532100646110782,-0.25987556291073366,-0.12724556675417742,0.5194231899132397,0.13486523081380614,stairdescent-walk
22.36,-0.0726621971246832,0.8104881130922461,0.8221419723122789,0.7533605260164625,-3.8360336482953334,1.4808720881634279,-0.7047722247241144,-0.032845518014849126,-0.12413140031936469,-0.5655849958131713,-3.8489618869796858,1.583684331402069,-0.9234066813365185,0.1465322487032311,0.23055013100677213,-0.2248378521630554,-0.8251629584570871,1.6967295421730575,-1.1201736096633381,-0.18349810889155885,0.3060738236655716,-0.20967511287245047,-0.2781865554529978,0.17853553145960116,stairdescent-walk
22.46,-1.2826162218392425,0.23910427238114523,1.132056617800774,0.743328534047224,-2.7942644483101193,2.769712740665683,-1.3364032924972267,-0.2834007571834325,-0.7064580206246988,-1.783325687001102,-5.324894347319231,2.4404204139418164,-0.31013859182689446,0.022407104431595666,-0.3085318315606472,0.9861358069107246,-0.31612611394271284,-0.7652307723944319,-0.7610782731761424,0.07441081663945141,0.09812525949832085,0.2304418484618064,0.11396480761430634,0.18716182317952418,stairdescent-walk
22.56,-2.2340477110393064,-0.6002607266654084,-0.23363709985747233,-0.3456519991354079,0.30685463765948384,1.3896857257022408,-0.916073104219722,-0.27873279789854355,-1.362254852077835,-1.71865325143707,-2.0897119111090516,0.5573196558245981,-1.1784785630641248,0.6074335773485526,-0.01866456477119515,-0.8773705135701528,-0.03990877443214812,-1.1890068737596875,-0.9219220521744992,-0.04842020660610694,0.11174526122412784,0.06029501795913308,0.19944595047929486,0.026227286853920152,stairdescent-walk
22.66,-1.0899969955327693,0.2659376865742773,1.3030693144391994,-0.09755123664878165,-0.23127764205462972,-0.15590777782987514,-1.3560946952327404,0.06341171847838509,-0.10396091824006493,1.0983546201784304,1.4611332072901932,-0.4420430703860342,-1.2256450114588209,0.20111066520436474,0.1568825089791024,-0.6069245008181404,-0.0768140506144082,0.3653364427786218,-1.3563104685547587,0.06369538862045962,-0.12135789972722691,-0.23532997447849674,0.24100450744972327,-0.01332193296910639,stairdescent-walk
22.76,-0.4230765531761482,0.3069046406757735,0.8392420601180246,0.14070912392468327,-0.01427222782145494,0.06514864012420671,-1.014210617899519,0.01101247357010417,-0.2603860565476752,-0.2500874279034605,0.6893449057065814,0.14154632048302396,-0.7663890165637951,-0.14042397106827464,-0.03576759879760176,-0.735660002042908,-0.002357703588415992,-0.8413679930973356,-0.982778096459686,0.2871390419843114,0.05923634276038466,-0.029633075193408787,-0.033217170124471604,0.2730870527480108,stairdescent-walk
22.86,-0.4055648020626135,0.3308156843013589,0.8374021155570978,-0.05046433284544275,0.0023877024690410744,-0.07440837379665649,-1.0006228963769046,0.15387850074200815,-0.13526113654135724,0.44241551890885467,-0.04328527015719958,-0.0374478522430076,-1.0146688792911935,0.06420875751230964,0.21901147324190498,-0.19838107094204843,0.11427368223708656,-1.0067320754787414,-1.0397935811249064,0.18287075673087416,-0.11847503301510923,-0.0749844539336929,-0.029420303949378057,0.11750565343960265,stairdescent-walk
22.96,-0.4056507154715985,0.31067885029775044,0.8419218773312565,-0.0045402943101960705,-0.01621669346269557,-0.08729311236317988,-0.9237531690549977,0.0033051800300983756,-0.034592313806770705,0.48819128275042917,-0.04577697427276682,-0.13365449918129407,-0.9880460105314143,0.24017649899324972,0.05522244861025173,0.6803307268620811,0.1966209755763178,-1.088355934662155,-0.8925568754997156,0.16283895476854784,0.02280462054053899,0.03190645653064815,-0.10054081391813512,0.13374951415829137,stairdescent-walk
23.06,-0.38721008495378045,0.34606788948966083,0.8485326969258831,-0.04556679027303155,0.11003890740651186,-0.03218833612150505,-1.006020222026192,0.089894930621053,-0.061908196988138584,-0.42263228124488783,0.3784501790389193,-0.31186317193848523,-0.9777964480021449,-0.009491986050894994,0.2503381956933243,0.4422094861374635,0.07142754762188379,-0.5228006565665815,-0.9989619576428991,0.16279457627973437,0.05108557723121837,0.10930121897852418,-0.447872471644745,-0.41820720592394156,stairdescent-walk
23.16,-0.4314237713391531,0.2992564419466631,0.8376012281328619,-0.18554070565132572,0.3220790778211627,-0.1038999306513631,-1.0144170504841001,-0.06973335353462397,-0.28146849937973517,-0.5499489420340054,0.17141329065055672,-0.20337747370154774,-1.0931797173530098,-0.3297249246017018,0.005522822142025792,0.47576962938577605,0.23556945223111592,-0.36161287253730373,-1.0750069877901887,0.14102088030473536,-0.24103759273106323,-0.10037216133476318,-0.3898502377699632,0.062370788614183804,idle
